Sample_Name;Replicate;Province;Locality;Locality_Code;Morphotype;Clade;GSH;%NA_17465SNPs;%NA_1559SNPs;ORF;PocHistone;PSH;SSH;Cluster;Pd2-001.1;Pd2-001.2;Pd3-004.1;Pd3-004.2;Pd3-005.1;Pd3-005.2;Pd2-006.1;Pd2-006.2;Pd3-008.1;Pd3-008.2;Pd3-009.1;Pd3-009.2;Poc40.1;Poc40.2;PV2.1;PV2.2;PV7.1;PV7.2;Pd4.1;Pd4.2;Pd11.1;Pd11.2;Pd13.1;Pd13.2;Pd3-EF35.1;Pd3-EF35.2
Glo_31;;WIO;Glorioso Islands;GLO;-;Outgroups;Seriatopora hystrix;70,4%;63,4%;-;-;-;-;-;-;-;-;-;-;-;-;-;-;-;-;-;-;-;-;-;-;-;-;-;-;-;-;-;-;-
Glo_32;;WIO;Glorioso Islands;GLO;-;Outgroups;Seriatopora hystrix;71,2%;64,7%;-;-;-;-;-;-;-;-;-;-;-;-;-;-;-;-;-;-;-;-;-;-;-;-;-;-;-;-;-;-;-
NC5_091;;TSP;Eastern Grande Terre;NCAe;-;Outgroups;Seriatopora hystrix;70,4%;64,2%;-;-;-;-;-;-;-;-;-;-;-;-;-;-;-;-;-;-;-;-;-;-;-;-;-;-;-;-;-;-;-
NC5_093;;TSP;Eastern Grande Terre;NCAe;-;Outgroups;Seriatopora hystrix;72,5%;65,9%;-;-;-;-;-;-;-;-;-;-;-;-;-;-;-;-;-;-;-;-;-;-;-;-;-;-;-;-;-;-;-
Glo_01;;WIO;Glorioso Islands;GLO;-;Outgroups;Stylophora pistillata;69,4%;64,0%;-;-;-;-;-;-;-;-;-;-;-;-;-;-;-;-;-;-;-;-;-;-;-;-;-;-;-;-;-;-;-
Glo_03;;WIO;Glorioso Islands;GLO;-;Outgroups;Stylophora pistillata;70,0%;65,3%;-;-;-;-;-;-;-;-;-;-;-;-;-;-;-;-;-;-;-;-;-;-;-;-;-;-;-;-;-;-;-
NC2_009;;TSP;Eastern Grande Terre;NCAe;-;Outgroups;Stylophora pistillata;73,5%;68,8%;-;-;-;-;-;-;-;-;-;-;-;-;-;-;-;-;-;-;-;-;-;-;-;-;-;-;-;-;-;-;-
NC2_010;;TSP;Eastern Grande Terre;NCAe;-;Outgroups;Stylophora pistillata;70,3%;64,5%;-;-;-;-;-;-;-;-;-;-;-;-;-;-;-;-;-;-;-;-;-;-;-;-;-;-;-;-;-;-;-
MAD1_059;;WIO;Southwestern Madagascar;MADsw;ef;Clade_1;GSH01;2,0%;1,5%;ORF01;?;PSH01;PSH01;PSH01;216;216;181;181;225;225;207;207;179;179;361;361;320;320;151;151;250;250;158;158;162;166;164;176;230;230
LP001;;WIO;Reunion Island;REU;fu;Clade_1;GSH01;2,6%;2,4%;ORF01;?;PSH01;PSH01;PSH01;218;218;181;187;231;231;215;229;179;179;361;361;320;320;149;149;246;246;158;162;?;?;?;?;227;227
CHE02_019;;TSP;Chesterfield Islands;CHE;ef,li;Clade_1;GSH01;1,9%;1,4%;ORF01;?;PSH01;PSH01;PSH01;216;218;190;190;231;231;207;207;179;179;358;358;320;323;149;149;?;?;?;154;164;166;164;172;227;233
CHE02_048;;TSP;Chesterfield Islands;CHE;ef,li;Clade_1;GSH01;2,0%;1,5%;ORF01;?;PSH01;PSH01;PSH01;216;218;181;184;222;237;211;221;182;182;?;?;323;329;151;151;246;246;?;158;148;148;164;172;212;239
CHE02_049;;TSP;Chesterfield Islands;CHE;ef,li;Clade_1;GSH01;1,6%;1,1%;ORF01;?;PSH01;PSH01;PSH01;216;216;181;181;237;237;215;215;182;185;352;352;320;320;149;149;?;?;?;?;164;164;164;176;?;?
CHE02_050;;TSP;Chesterfield Islands;CHE;ef,li;Clade_1;GSH01;1,9%;1,5%;ORF01;?;PSH01;PSH01;PSH01;216;216;181;181;237;237;215;215;182;185;352;352;320;320;149;149;?;?;?;158;164;164;164;176;?;?
CHE10_020;;TSP;Chesterfield Islands;CHE;ef,li;Clade_1;GSH01;1,8%;1,3%;ORF01;?;PSH01;PSH01;PSH01;216;216;193;193;228;237;215;215;179;179;?;?;?;?;151;?;250;250;157;157;164;166;164;176;221;224
CHE02_104;;TSP;Chesterfield Islands;CHE;da;Clade_2;GSH04a;1,2%;1,3%;ORF09;?;PSH04;SSH04a;SSH04a-1;216;220;181;181;243;243;205;205;182;194;?;?;?;?;177;177;252;254;152;156;144;144;172;172;206;230
CHE06_008;;TSP;Chesterfield Islands;CHE;da;Clade_2;GSH04a;1,7%;1,6%;?;?;PSH04;SSH04a;SSH04a-2;220;222;178;181;240;?;211;211;188;194;355;358;?;?;177;177;256;256;?;?;164;164;172;172;209;215
CHE06_011;;TSP;Chesterfield Islands;CHE;da;Clade_2;GSH04a;1,3%;1,5%;ORF09;?;PSH04;SSH04a;SSH04a-1;220;220;178;184;225;225;209;209;182;194;355;358;?;?;177;177;252;254;?;?;162;164;172;172;209;227
CHE13_052;;TSP;Chesterfield Islands;CHE;da;Clade_2;GSH04a;1,9%;2,4%;?;?;PSH04;SSH04a;SSH04a-2;220;220;181;181;240;?;?;?;182;182;?;?;?;?;177;177;254;254;158;158;164;166;172;172;209;212
CHE13_074;;TSP;Chesterfield Islands;CHE;da;Clade_2;GSH04a;1,2%;0,8%;ORF09;?;PSH04;SSH04a;?;?;?;181;181;?;?;?;?;182;182;?;?;?;?;177;177;252;254;154;158;152;152;168;168;?;?
CHE14_104;;TSP;Chesterfield Islands;CHE;da;Clade_2;GSH04a;1,6%;1,3%;ORF09;?;PSH04;SSH04a;?;220;220;178;181;225;225;211;211;182;188;?;?;?;?;?;?;260;260;?;?;156;164;?;?;197;206
NC04_042;;TSP;Western Grande Terre;NCAw;da;Clade_2;GSH04a;1,6%;1,9%;ORF09;?;PSH04;SSH04a;SSH04a-1;220;220;?;?;261;261;211;211;182;182;358;358;?;?;177;177;252;252;158;158;172;172;172;172;233;233
NC05_004;;TSP;Western Grande Terre;NCAw;da;Clade_2;GSH04a;3,0%;4,4%;ORF09;?;PSH04;SSH04a;SSH04a-2;222;222;178;181;237;243;209;209;182;182;358;358;311;332;177;177;254;254;158;158;156;166;172;172;215;224
NC05_005;;TSP;Western Grande Terre;NCAw;da;Clade_2;GSH04a;1,3%;1,0%;ORF09;?;PSH04;SSH04a;SSH04a-2;218;222;181;181;231;243;209;209;182;185;355;358;308;308;177;177;254;254;160;160;156;164;172;172;224;224
NC06_142;;TSP;Western Grande Terre;NCAw;da;Clade_2;GSH04a;2,1%;2,6%;ORF09;?;PSH04;SSH04a;SSH04a-2;218;220;181;181;240;243;211;217;182;182;?;?;?;?;177;177;254;254;158;158;164;164;172;172;212;215
NC08_040;;TSP;Western Grande Terre;NCAw;ac;Clade_2;GSH04a;31,5%;35,2%;?;?;PSH04;SSH04a;SSH04a-1;220;220;178;181;240;246;213;237;182;182;?;?;?;?;177;177;?;?;158;158;164;164;172;172;203;206
SE_Adt_07;;TSP;Western Grande Terre;NCAw;da;Clade_2;GSH04a;5,3%;5,1%;ORF09;?;PSH04;SSH04a;?;220;220;178;178;231;237;213;213;182;194;349;355;?;?;147;147;252;254;158;158;164;164;172;172;?;?
SE_Juv_03;;TSP;Western Grande Terre;NCAw;da;Clade_2;GSH04a;20,0%;22,3%;ORF09;?;PSH04;SSH04a;?;220;220;178;178;243;243;213;213;182;182;355;355;?;?;177;177;252;254;158;158;156;164;172;172;209;215
NC25_142;;TSP;Eastern Grande Terre;NCAe;da;Clade_2;GSH04a;1,5%;1,5%;?;?;PSH04;SSH04a;SSH04a-1;218;220;181;181;231;231;211;213;182;194;?;?;?;?;177;177;250;252;158;158;172;172;172;172;233;233
NC26_047;;TSP;Eastern Grande Terre;NCAe;da;Clade_2;GSH04a;4,0%;3,1%;?;?;PSH04;SSH04a;SSH04a-2;222;222;181;181;237;237;?;?;182;182;355;355;?;?;177;177;250;250;158;158;162;164;?;?;215;224
NC29_097;;TSP;Eastern Grande Terre;NCAe;ac;Clade_2;GSH04a;1,5%;1,5%;?;?;PSH04;SSH04a;SSH04a-1;220;220;181;181;231;231;207;211;182;182;?;?;?;?;?;?;250;252;158;158;164;164;172;172;206;215
NC06_027;;TSP;Western Grande Terre;NCAw;ac;Clade_2;GSH04b;1,9%;1,9%;ORF09;?;PSH04;SSH04b;SSH04b;216;218;178;184;231;231;211;217;194;194;346;355;?;?;?;?;256;256;158;162;144;144;172;172;215;218
NC25_111;;TSP;Eastern Grande Terre;NCAe;ac;Clade_2;GSH04b;4,3%;4,6%;?;?;PSH04;SSH04b;SSH04b;216;218;178;178;228;231;211;213;194;194;?;?;?;?;177;177;250;252;158;162;144;144;172;172;224;242
NC28_116;;TSP;Eastern Grande Terre;NCAe;da;Clade_2;GSH04b;7,3%;6,5%;?;?;PSH04;SSH04b;SSH04b;220;220;178;178;228;231;?;?;194;197;346;346;?;?;177;177;250;252;158;162;144;144;172;176;?;?
NC29_094;;TSP;Eastern Grande Terre;NCAe;ac;Clade_2;GSH04b;1,7%;1,2%;?;?;PSH04;SSH04b;SSH04b;218;220;178;178;?;?;211;211;194;197;346;355;?;?;177;177;250;252;158;162;144;146;176;176;224;227
NC19_091;;TSP;Loyalty Islands;LOY;da;Clade_2;GSH04b;3,1%;2,8%;ORF09;?;PSH04;SSH04b;SSH04b;220;220;178;181;228;255;211;211;197;197;349;355;?;?;147;147;252;252;?;?;144;144;?;?;218;227
NC19_094;;TSP;Loyalty Islands;LOY;da;Clade_2;GSH04b;15,2%;14,1%;ORF09;?;PSH04;SSH04b;SSH04b;218;220;178;181;243;243;211;217;194;197;355;355;?;?;147;177;252;252;158;162;144;146;172;172;?;?
ROD1_118;;WIO;Rodrigues Island;ROD;da;Clade_2;GSH04c;1,4%;1,3%;ORF17;?;PSH04;SSH04c;SSH04c;216;216;178;178;240;249;?;?;182;194;346;355;?;?;?;?;?;?;?;?;146;166;172;180;206;212
ROD1_129;;WIO;Rodrigues Island;ROD;da;Clade_2;GSH04c;2,1%;3,3%;ORF17;?;PSH04;SSH04c;SSH04c;216;216;178;178;240;249;211;213;182;194;346;355;?;?;177;177;258;264;158;158;166;166;172;180;206;212
NC04_037;;TSP;Western Grande Terre;NCAw;br;Clade_2;GSH10;1,2%;1,1%;ORF30;?;PSH10;PSH10;PSH10;216;216;178;181;219;264;211;213;182;182;?;?;?;?;?;?;258;262;158;158;166;166;180;180;203;203
NC06_019;;TSP;Western Grande Terre;NCAw;br,da;Clade_2;GSH10;1,4%;0,7%;ORF31;?;PSH09;SSH09b;SSH09b-2;216;216;178;178;219;264;213;213;182;182;352;352;?;?;?;?;256;258;158;158;?;?;180;196;212;212
NC06_024;;TSP;Western Grande Terre;NCAw;br,da;Clade_2;GSH10;1,6%;1,2%;ORF31;?;PSH09;SSH09b;SSH09b-2;214;214;178;178;219;228;213;213;182;182;337;346;?;?;?;?;?;?;158;158;166;168;176;180;209;209
NC06_058;;TSP;Western Grande Terre;NCAw;ac;Clade_2;GSH10;28,6%;32,8%;ORF30;?;PSH09;SSH09b;SSH09b-2;218;218;?;?;?;?;213;213;182;182;?;?;?;?;?;?;256;256;158;158;166;166;172;196;209;212
NC06_065;;TSP;Western Grande Terre;NCAw;ac;Clade_2;GSH10;13,9%;15,7%;ORF30;?;PSH09;SSH09b;SSH09b-2;218;218;?;?;?;?;213;213;182;182;337;358;?;?;?;?;256;258;158;158;166;166;172;196;209;212
NC06_130;;TSP;Western Grande Terre;NCAw;br;Clade_2;GSH10;7,6%;11,4%;ORF31;?;PSH09;SSH09b;SSH09b-2;216;216;?;?;?;?;211;213;182;182;355;355;?;?;?;?;256;262;158;158;166;168;172;196;203;203
NC25_133;;TSP;Eastern Grande Terre;NCAe;br,da;Clade_2;GSH10;6,9%;7,2%;?;?;PSH09;SSH09b;SSH09b-2;?;?;178;178;219;264;211;213;182;182;337;355;?;?;?;?;258;258;158;158;166;168;180;196;203;203
NC27_027;;TSP;Eastern Grande Terre;NCAe;ac;Clade_2;GSH10;12,8%;13,0%;?;?;PSH09;SSH09b;SSH09b-2;216;216;178;181;?;?;213;213;182;182;358;358;?;?;?;?;256;262;158;158;166;168;172;172;203;212
NC28_126;;TSP;Eastern Grande Terre;NCAe;br;Clade_2;GSH10;26,6%;28,0%;ORF31;?;PSH10;PSH10;PSH10;216;216;184;184;237;243;213;213;182;182;358;358;?;?;?;?;256;262;158;164;166;166;176;196;?;?
NC28_139;;TSP;Eastern Grande Terre;NCAe;br;Clade_2;GSH10;1,2%;1,0%;?;?;PSH09;SSH09b;SSH09b-2;216;216;178;187;219;243;211;211;182;182;358;358;?;?;147;147;262;266;158;158;166;168;176;196;?;?
ES13d_001;;WIO;Reunion Island;REU;ac;Clade_2;GSH05c-1;6,4%;9,6%;ORF18;?;PSH05;SSH05c;SSH05c-1 (Red);218;218;178;178;228;231;211;211;185;185;337;346;320;320;181;181;248;248;158;162;164;172;164;164;206;215
ES13d_004;;WIO;Reunion Island;REU;ac;Clade_2;GSH05c-1;1,7%;1,8%;?;?;PSH05;SSH05c;SSH05c-1 (Red);218;218;178;178;228;228;213;213;185;185;358;358;323;323;147;147;248;248;158;162;172;172;164;188;206;209
ES13d_015;;WIO;Reunion Island;REU;ac;Clade_2;GSH05c-1;3,0%;3,5%;?;?;PSH05;SSH05c;SSH05c-2 (Green);212;212;178;181;228;231;213;213;185;185;337;358;320;320;147;147;248;248;158;162;164;172;164;188;?;?
ES13d_023;;WIO;Reunion Island;REU;ac;Clade_2;GSH05c-1;4,4%;6,0%;?;?;PSH05;SSH05c;SSH05c-1 (Red);218;218;178;178;231;231;211;211;185;185;337;346;320;320;147;181;248;248;158;162;172;172;164;164;206;215
KI_L23;;WIO;Reunion Island;REU;da;Clade_2;GSH05c-1;1,8%;2,1%;?;?;PSH05;SSH05c;SSH05c-2 (Green);218;218;178;181;228;231;?;?;182;185;358;361;314;320;147;147;248;248;158;162;?;?;?;?;?;?
SA13d_024;;WIO;Reunion Island;REU;ac;Clade_2;GSH05c-1;1,4%;1,2%;ORF18;?;PSH05;SSH05c;SSH05c-1 (Red);216;216;178;178;228;240;211;213;185;185;337;358;323;323;147;181;248;248;158;162;164;164;164;188;?;?
SA-L03;;WIO;Reunion Island;REU;da;Clade_2;GSH05c-1;1,5%;1,5%;?;?;PSH05;SSH05c;SSH05c-1 (Red);216;216;178;178;231;240;211;211;185;185;337;337;323;323;147;181;248;248;?;?;?;?;?;?;?;?
ROD1_124;;WIO;Rodrigues Island;ROD;ac;Clade_2;GSH05c-1;1,5%;1,9%;ORF18;?;PSH05;SSH05c;SSH05c-2 (Green);218;224;178;181;228;237;211;211;182;185;361;361;320;320;147;147;248;248;158;158;164;172;164;188;215;215
ROD1_131;ROD1_131-1;WIO;Rodrigues Island;ROD;ac;Clade_2;GSH05c-1;2,3%;3,2%;?;?;PSH05;SSH05c;SSH05c-2 (Green);218;218;178;178;228;231;211;211;179;179;346;349;320;320;147;147;248;248;158;162;164;172;164;172;215;215
ROD1_131;ROD1_131-2;WIO;Rodrigues Island;ROD;ac;Clade_2;GSH05c-1;1,1%;0,8%;?;?;PSH05;SSH05c;SSH05c-2 (Green);218;218;178;178;228;231;211;211;179;179;346;349;320;320;147;147;248;248;158;162;164;172;164;172;215;215
ROD1_139;;WIO;Rodrigues Island;ROD;ac;Clade_2;GSH05c-1;1,4%;2,3%;?;?;PSH05;SSH05a;SSH05a (Yellow);220;220;178;181;231;237;211;211;185;185;?;?;311;311;147;147;246;246;?;?;164;166;164;188;215;215
ROD1_179;;WIO;Rodrigues Island;ROD;ac;Clade_2;GSH05c-1;1,3%;1,7%;ORF18;?;PSH05;SSH05c;SSH05c-2 (Green);218;218;178;178;228;231;211;211;179;179;346;349;320;320;147;147;248;248;158;162;164;172;164;172;215;215
MAY2_042;;WIO;Mayotte;MAY;da;Clade_2;GSH05d;1,4%;1,2%;?;?;PSH05;SSH05a;SSH05a (Yellow);216;216;181;181;237;237;211;211;179;182;346;346;311;326;147;147;248;248;?;?;144;166;192;200;206;215
MAY2_046;;WIO;Mayotte;MAY;da;Clade_2;GSH05d;1,8%;1,9%;?;?;PSH05;SSH05a;SSH05a (Yellow);216;216;181;181;237;237;209;211;179;182;346;346;311;326;147;147;248;248;?;?;168;168;192;192;206;215
MAY5_141;;WIO;Mayotte;MAY;da;Clade_2;GSH05d;1,5%;1,4%;ORF18;?;PSH05;SSH05d;SSH05d-1 (Blue);216;216;181;181;237;246;217;217;179;185;?;?;311;320;147;147;248;248;151;158;?;?;172;200;209;215
MAY5_152;MAY5_152-1;WIO;Mayotte;MAY;da;Clade_2;GSH05d;6,3%;7,6%;?;?;PSH05;SSH05d;SSH05d-1 (Blue);216;216;181;181;225;228;215;215;182;185;355;361;323;335;147;177;252;252;158;158;164;170;168;184;203;215
MAY5_152;MAY5_152-2;WIO;Mayotte;MAY;da;Clade_2;GSH05d;1,9%;1,5%;?;?;PSH05;SSH05d;SSH05d-1 (Blue);216;216;181;181;225;228;215;215;182;185;355;361;323;335;147;177;252;252;158;158;164;170;168;184;203;215
MAY5_156;;WIO;Mayotte;MAY;da;Clade_2;GSH05d;1,5%;1,5%;?;?;PSH05;SSH05d;SSH05d-2 (Pink);216;216;181;181;228;240;215;215;179;182;346;355;320;320;147;147;248;248;163;163;170;176;164;192;209;218
MAY5_166;;WIO;Mayotte;MAY;da;Clade_2;GSH05d;1,2%;0,9%;ORF18;?;PSH05;SSH05d;SSH05d-1 (Blue);216;216;178;178;225;240;211;215;179;182;346;355;323;332;173;173;248;248;163;163;150;164;172;192;203;209
MAY5_182;;WIO;Mayotte;MAY;da;Clade_2;GSH05d;1,3%;1,0%;?;?;PSH05;SSH05c;SSH05c-2 (Green);216;216;178;178;237;249;213;213;179;185;346;361;311;320;147;147;248;248;158;162;170;170;192;200;215;215
MAY5_191;MAY5_191-1;WIO;Mayotte;MAY;da;Clade_2;GSH05d;1,4%;1,0%;?;?;PSH05;SSH05d;SSH05d-1 (Blue);216;216;178;181;237;240;215;215;185;185;346;361;320;320;147;147;248;248;162;162;150;166;168;192;209;215
MAY5_191;MAY5_191-2;WIO;Mayotte;MAY;da;Clade_2;GSH05d;1,5%;1,1%;?;?;PSH05;SSH05d;SSH05d-1 (Blue);216;216;178;181;237;240;215;215;185;185;346;361;320;320;147;147;248;248;162;162;150;166;168;192;209;215
JDN5_013;;WIO;Juan de Nova Island;JDN;ac;Clade_2;GSH05d;1,9%;2,1%;?;?;PSH05;SSH05d;SSH05d-1 (Blue);218;218;178;178;225;255;213;219;179;185;352;358;311;311;173;173;248;248;?;?;166;170;164;172;215;218
JDN5_026;;WIO;Juan de Nova Island;JDN;ac;Clade_2;GSH05d;1,5%;1,2%;ORF18;?;PSH05;SSH05d;SSH05d-2 (Pink);216;216;178;178;231;231;213;213;179;185;346;355;320;320;173;173;248;248;164;164;166;166;180;192;203;209
JDN5_031;;WIO;Juan de Nova Island;JDN;ac;Clade_2;GSH05d;1,6%;1,7%;ORF18;?;PSH05;SSH05d;SSH05d-1 (Blue);216;216;181;181;240;246;213;215;185;185;346;355;311;311;177;177;248;252;?;?;172;172;168;172;215;215
JDN5_084;;WIO;Juan de Nova Island;JDN;ac;Clade_2;GSH05d;1,3%;1,3%;?;?;PSH05;SSH05d;SSH05d-2 (Pink);216;216;178;181;231;240;213;213;182;185;346;355;311;311;173;183;248;248;180;184;166;166;184;200;218;227
MAD_0168;;WIO;Northeastern Madagascar;MADne;ac;Clade_2;GSH05d;1,6%;1,4%;?;?;PSH05;SSH05d;SSH05d-1 (Blue);216;218;?;?;231;240;211;211;?;?;?;?;311;320;173;173;?;?;?;?;166;166;168;192;203;203
MAD_0182;;WIO;Northeastern Madagascar;MADne;ac;Clade_2;GSH05d;3,2%;2,4%;?;?;PSH13;SSH13c;SSH13c-1;?;?;?;?;?;?;?;?;?;?;346;346;?;?;157;157;252;256;?;?;166;166;166;166;203;203
MAD_0191;;WIO;Northeastern Madagascar;MADne;ac;Clade_2;GSH05d;1,2%;0,9%;?;?;PSH05;SSH05d;SSH05d-2 (Pink);216;216;?;?;252;261;215;215;179;185;?;?;311;320;147;147;248;248;?;?;166;166;184;192;218;218
MAD_0332;;WIO;Northeastern Madagascar;MADne;ac;Clade_2;GSH05d;1,7%;2,1%;?;?;PSH05;SSH05d;SSH05d-2 (Pink);216;216;?;?;231;231;213;213;179;185;346;355;311;311;147;147;248;248;158;163;172;172;184;192;203;218
MAD_0364;;WIO;Northeastern Madagascar;MADne;ac;Clade_2;GSH05d;2,1%;2,3%;?;?;PSH05;SSH05d;SSH05d-1 (Blue);218;218;?;?;228;228;215;215;179;185;343;352;311;311;?;?;248;248;?;?;166;170;172;184;?;?
MAD_0377;;WIO;Northeastern Madagascar;MADne;ac;Clade_2;GSH05d;2,7%;3,3%;?;?;PSH05;SSH05d;SSH05d-2 (Pink);216;216;181;181;252;252;211;213;?;?;355;358;?;?;147;147;248;248;?;?;170;170;184;184;218;218
MAD_0379;;WIO;Northeastern Madagascar;MADne;ac;Clade_2;GSH05d;4,4%;7,2%;?;?;PSH05;SSH05d;SSH05d-2 (Pink);216;216;?;?;252;252;213;213;182;185;?;?;?;?;147;147;248;248;158;163;166;170;184;184;218;218
MAD_0381;;WIO;Northeastern Madagascar;MADne;ac;Clade_2;GSH05d;1,4%;1,7%;?;?;PSH05;SSH05d;SSH05d-1 (Blue);216;218;?;?;249;249;213;213;179;185;?;?;320;320;173;173;248;248;?;?;172;172;172;200;200;221
MAD_0585;;WIO;Northwestern Madagascar;MADno;ac;Clade_2;GSH05d;2,7%;3,0%;?;?;PSH05;SSH05d;SSH05d-2 (Pink);216;216;181;181;231;240;213;213;176;185;355;355;332;332;147;147;248;248;163;163;150;150;184;200;206;215
MAD_0587;;WIO;Northwestern Madagascar;MADno;ac;Clade_2;GSH05d;2,1%;2,6%;?;?;PSH05;SSH05d;SSH05d-2 (Pink);216;216;181;181;231;240;213;213;176;185;355;355;332;332;147;189;248;248;163;163;150;150;184;200;206;215
MAD_0745;;WIO;Northwestern Madagascar;MADno;ac;Clade_2;GSH05d;1,5%;1,3%;?;?;PSH05;SSH05d;SSH05d-1 (Blue);216;218;181;181;249;249;213;213;179;185;346;358;320;320;173;173;248;248;?;?;172;172;172;200;200;221
MAD_0766;;WIO;Northwestern Madagascar;MADno;da;Clade_2;GSH05d;1,2%;1,4%;?;?;PSH05;SSH05d;SSH05d-1 (Blue);216;216;181;181;231;243;211;211;179;182;343;346;320;320;?;?;252;252;158;158;172;172;184;200;197;203
MAD_0984;;WIO;Northwestern Madagascar;MADno;ac;Clade_2;GSH05d;1,7%;2,1%;ORF18;?;PSH05;SSH05d;SSH05d-1 (Blue);?;?;196;196;?;?;?;?;185;191;?;?;?;?;173;173;260;262;?;?;?;?;184;184;197;206
MAD_0996;;WIO;Northwestern Madagascar;MADno;ac;Clade_2;GSH05d;2,1%;2,2%;?;?;PSH05;SSH05a;SSH05a (Yellow);218;218;175;175;231;234;211;211;179;182;349;358;326;326;147;147;248;248;150;150;168;170;168;200;203;206
MAD2_171;;WIO;Southwestern Madagascar;MADsw;ac;Clade_2;GSH05d;1,1%;0,9%;ORF18;?;PSH05;SSH05d;SSH05d-1 (Blue);?;?;?;?;225;252;211;215;179;185;346;346;320;320;153;173;248;248;158;158;170;170;182;192;197;218
MAD2_176;;WIO;Southwestern Madagascar;MADsw;ac;Clade_2;GSH05d;1,3%;1,1%;ORF19;?;PSH05;SSH05d;SSH05d-1 (Blue);?;?;181;187;225;240;211;211;179;185;346;355;311;320;173;173;248;248;154;162;170;170;184;184;218;224
MAD2_186;;WIO;Southwestern Madagascar;MADsw;ac;Clade_2;GSH05d;1,2%;1,2%;ORF19;?;PSH05;SSH05d;SSH05d-1 (Blue);216;216;181;187;225;240;211;211;179;185;346;355;311;320;173;187;248;248;154;162;170;170;184;184;218;224
MAD2_190;;WIO;Southwestern Madagascar;MADsw;ac;Clade_2;GSH05d;1,2%;0,9%;ORF18;?;PSH05;SSH05d;SSH05d-1 (Blue);216;216;178;181;225;240;215;215;179;179;346;358;320;320;147;147;248;248;158;162;?;?;168;180;206;218
CHE11_001;;TSP;Chesterfield Islands;CHE;ac;Clade_2;GSH05a-1;1,5%;1,9%;ORF18;?;PSH05;SSH05a;SSH05a (Yellow);216;216;181;181;234;252;211;211;182;185;349;355;320;320;149;177;244;256;158;158;144;144;176;188;209;209
NC05_006;;TSP;Western Grande Terre;NCAw;ac;Clade_2;GSH05a-1;1,6%;2,6%;ORF18;?;PSH05;SSH05a;SSH05a (Yellow);216;216;181;181;234;237;211;211;179;179;352;363;332;332;147;181;252;256;164;164;168;168;168;176;203;218
NC05_055;;TSP;Western Grande Terre;NCAw;ac;Clade_2;GSH05a-1;1,1%;1,2%;ORF18;?;PSH05;SSH05a;SSH05a (Yellow);218;218;181;184;234;234;213;213;179;179;349;349;320;320;181;181;248;248;158;158;170;170;196;196;206;206
NC05_063;;TSP;Western Grande Terre;NCAw;ac;Clade_2;GSH05a-1;1,3%;1,3%;ORF18;?;PSH05;SSH05a;SSH05a (Yellow);216;216;178;181;234;234;213;215;179;179;343;355;329;335;147;147;248;248;164;164;174;174;168;208;212;218
NC06_156;;TSP;Western Grande Terre;NCAw;ac;Clade_2;GSH05a-1;1,4%;1,4%;?;?;PSH05;SSH05a;SSH05a (Yellow);216;216;178;181;234;237;213;213;179;182;?;?;?;?;147;147;254;254;158;158;170;170;168;172;212;218
NC06_161;;TSP;Western Grande Terre;NCAw;da;Clade_2;GSH05a-1;9,4%;10,1%;ORF18;?;PSH09;SSH09b;SSH09b-2;216;216;175;178;231;234;217;217;179;182;337;355;320;320;147;147;246;250;152;152;174;174;172;196;212;218
NC06_169;;TSP;Western Grande Terre;NCAw;ac;Clade_2;GSH05a-1;36,2%;41,3%;ORF18;?;PSH09;SSH09b;SSH09b-2;216;216;178;181;234;234;211;217;182;182;?;?;?;?;147;147;246;254;158;158;?;?;?;?;206;218
NC31_013;;TSP;Eastern Grande Terre;NCAe;ac;Clade_2;GSH05a-1;1,4%;1,0%;ORF18;?;PSH05;SSH05a;SSH05a (Yellow);216;216;181;184;231;234;207;211;179;182;355;355;311;311;147;177;248;248;158;158;174;174;168;184;206;206
NC31_021;NC31_021-1;TSP;Eastern Grande Terre;NCAe;ac;Clade_2;GSH05a-1;12,4%;14,6%;?;?;PSH05;SSH05a;SSH05a (Yellow);222;222;178;178;231;234;215;215;179;182;?;?;320;320;147;147;248;248;158;158;166;166;168;192;206;209
NC31_021;NC31_021-2;TSP;Eastern Grande Terre;NCAe;ac;Clade_2;GSH05a-1;3,1%;3,3%;?;?;PSH05;SSH05a;SSH05a (Yellow);222;222;178;178;231;234;215;215;179;182;?;?;320;320;147;147;248;248;158;158;166;166;168;192;206;209
NC31_034;;TSP;Eastern Grande Terre;NCAe;ac;Clade_2;GSH05a-1;1,1%;1,1%;?;?;PSH05;SSH05a;SSH05a (Yellow);216;216;181;181;234;234;205;221;182;185;349;352;320;332;147;177;248;248;158;158;166;166;184;196;206;209
NC31_038;;TSP;Eastern Grande Terre;NCAe;ac;Clade_2;GSH05a-1;1,2%;1,4%;?;?;PSH05;SSH05d;SSH05d-2 (Pink);216;216;178;181;231;231;213;213;179;185;346;355;311;311;147;147;248;248;158;158;170;170;192;196;206;206
MAY2_040;;WIO;Mayotte;MAY;da;Clade_2;GSH05c-2;1,2%;1,0%;?;?;PSH05;SSH05c;SSH05c-2 (Green);218;218;178;181;206;231;213;215;182;185;343;346;?;?;?;?;248;256;158;158;?;?;164;184;215;218
JDN5_012;;WIO;Juan de Nova Island;JDN;ve,da;Clade_2;GSH05c-2;3,0%;3,7%;?;?;PSH05;SSH05c;SSH05c-2 (Green);218;218;178;178;231;231;211;215;185;185;346;346;314;314;147;147;252;252;164;164;150;150;164;184;215;224
JDN5_027;;WIO;Juan de Nova Island;JDN;ve,da;Clade_2;GSH05c-2;2,0%;2,4%;?;?;PSH05;SSH05c;SSH05c-2 (Green);218;218;178;181;231;237;215;215;182;185;346;346;320;320;147;177;248;248;158;158;150;170;180;180;215;218
MAD_0723;;WIO;Northwestern Madagascar;MADno;ac;Clade_2;GSH05c-2;1,4%;1,6%;?;?;PSH05;SSH05c;SSH05c-2 (Green);218;224;178;181;231;231;217;217;179;182;363;363;338;338;147;147;248;248;158;162;166;166;164;164;209;215
MAD_0724;;WIO;Northwestern Madagascar;MADno;ac;Clade_2;GSH05c-2;1,3%;1,5%;?;?;PSH05;SSH05c;SSH05c-2 (Green);216;226;178;181;231;231;215;217;179;185;346;346;344;344;177;177;248;248;162;162;168;170;164;184;218;218
MAD3_064;;WIO;Southwestern Madagascar;MADsw;ac;Clade_2;GSH05c-2;1,0%;0,8%;?;?;PSH05;SSH05c;SSH05c-1 (Red);216;216;178;178;231;231;213;215;185;185;346;346;320;344;?;?;?;?;158;158;?;?;164;184;206;215
MAD3_082;;WIO;Southwestern Madagascar;MADsw;da;Clade_2;GSH05c-2;1,0%;0,9%;ORF18;?;PSH05;SSH05c;SSH05c-2 (Green);224;224;181;181;231;237;211;211;185;185;346;346;314;314;143;147;?;?;162;162;168;168;164;184;218;218
ES13d_014;;WIO;Reunion Island;REU;ac;Clade_2;GSH05c-2;2,4%;3,5%;ORF18;?;PSH05;SSH05c;SSH05c-2 (Green);224;224;181;181;231;249;211;215;182;185;343;349;320;320;147;177;248;256;158;162;166;166;164;164;218;218
ES13d_029;;WIO;Reunion Island;REU;ve,da;Clade_2;GSH05c-2;8,4%;11,4%;ORF18;?;PSH05;SSH05c;SSH05c-2 (Green);224;224;178;178;228;231;211;213;179;182;346;361;320;320;147;147;248;248;158;158;170;170;192;192;215;224
KI_L02;;WIO;Reunion Island;REU;ve,da;Clade_2;GSH05c-2;8,9%;12,4%;ORF18;?;PSH05;SSH05c;SSH05c-2 (Green);216;216;178;178;228;231;211;211;182;188;346;346;329;329;147;147;248;256;?;?;?;?;?;?;?;?
KI_L03;;WIO;Reunion Island;REU;ve,da;Clade_2;GSH05c-2;12,8%;18,1%;ORF18;?;PSH05;SSH05c;SSH05c-2 (Green);212;216;178;178;228;231;211;?;179;188;346;361;338;338;147;177;248;256;158;162;?;?;?;?;?;?
ROD1_127;;WIO;Rodrigues Island;ROD;ac;Clade_2;GSH05c-2;1,3%;1,2%;ORF18;?;PSH05;SSH05c;SSH05c-2 (Green);218;218;181;181;228;231;211;211;182;185;358;361;?;?;147;147;248;254;158;162;166;170;164;172;215;215
CHE02_055;;TSP;Chesterfield Islands;CHE;da;Clade_2;GSH05a-2;1,2%;1,0%;ORF18;?;PSH09;SSH09b;SSH09b-1;218;218;178;187;234;234;211;215;179;182;?;?;317;317;147;147;254;254;158;158;150;150;188;196;209;218
CHE02_070;;TSP;Chesterfield Islands;CHE;da;Clade_2;GSH05a-2;1,2%;1,0%;?;?;PSH05;SSH05d;SSH05d-1 (Blue);216;216;175;175;222;222;213;213;182;185;346;346;326;332;147;177;252;252;154;158;144;144;164;164;215;224
CHE02_073;;TSP;Chesterfield Islands;CHE;da;Clade_2;GSH05a-2;1,2%;1,2%;?;?;PSH05;SSH05a;SSH05a (Yellow);216;216;175;178;231;231;213;215;179;185;334;355;323;329;147;147;248;252;158;158;144;144;188;188;209;215
CHE05_085;;TSP;Chesterfield Islands;CHE;da;Clade_2;GSH05a-2;1,3%;1,7%;?;?;PSH05;SSH05d;SSH05d-1 (Blue);?;?;178;187;?;?;?;?;179;182;?;?;?;?;147;147;252;252;?;?;150;150;?;?;209;218
NC05_033;;TSP;Western Grande Terre;NCAw;ac;Clade_2;GSH05a-2;1,2%;1,2%;ORF18;?;PSH05;SSH05a;SSH05a (Yellow);218;218;178;178;228;234;213;215;179;182;349;355;320;320;147;147;252;252;158;158;170;170;188;192;209;215
NC05_090;;TSP;Western Grande Terre;NCAw;ac;Clade_2;GSH05a-2;0,9%;0,8%;?;?;PSH05;SSH05a;SSH05a (Yellow);216;216;178;178;228;234;213;215;179;185;349;355;?;?;147;147;?;?;158;158;166;170;172;192;209;215
NC06_003;;TSP;Western Grande Terre;NCAw;ac;Clade_2;GSH05a-2;1,2%;1,6%;ORF18;?;PSH09;SSH09b;SSH09b-2;?;?;175;178;228;234;211;211;182;185;337;346;?;?;?;?;246;250;158;158;170;170;184;216;209;221
NC06_005;;TSP;Western Grande Terre;NCAw;ac;Clade_2;GSH05a-2;1,1%;1,4%;?;?;PSH05;SSH05c;SSH05c-2 (Green);218;218;178;178;228;228;211;215;182;188;346;355;?;?;147;147;256;256;158;158;164;170;172;188;215;215
NC06_047;;TSP;Western Grande Terre;NCAw;ve;Clade_2;GSH05a-2;1,6%;1,5%;ORF18;?;PSH05;SSH05a;SSH05a (Yellow);216;218;?;?;?;?;211;213;185;188;?;?;?;?;147;147;250;250;144;158;150;150;?;?;215;221
NC06_090;;TSP;Western Grande Terre;NCAw;ve;Clade_2;GSH05a-2;9,2%;10,6%;ORF18;?;PSH05;SSH05a;SSH05a (Yellow);216;216;?;?;?;?;213;217;185;185;358;358;?;?;147;147;246;250;142;154;170;170;184;212;209;218
NC06_168;;TSP;Western Grande Terre;NCAw;ac;Clade_2;GSH05a-2;7,4%;8,8%;?;?;PSH05;SSH05c;SSH05c-2 (Green);218;218;178;178;228;228;211;211;182;188;?;?;?;?;?;?;?;?;162;162;170;170;204;216;215;218
NC07_146;;TSP;Western Grande Terre;NCAw;ve,da;Clade_2;GSH05a-2;30,8%;33,2%;?;?;PSH09;SSH09b;SSH09b-2;216;216;175;178;231;234;?;?;185;185;?;?;?;?;147;147;246;250;142;158;170;170;172;172;215;221
CHE02_076;;TSP;Chesterfield Islands;CHE;da;Clade_2;GSH05a-3;1,1%;1,4%;ORF18;?;PSH05;SSH05c;SSH05c-2 (Green);218;218;178;178;228;228;213;223;182;182;346;358;329;329;177;177;248;248;159;159;144;144;188;192;218;224
CHE03_058;;TSP;Chesterfield Islands;CHE;da;Clade_2;GSH05a-3;1,2%;1,3%;ORF18;?;PSH05;SSH05a;SSH05a (Yellow);?;?;178;178;228;228;213;221;188;203;355;358;326;326;177;177;248;248;158;163;144;144;188;192;212;212
CHE08_121;;TSP;Chesterfield Islands;CHE;da;Clade_2;GSH05a-3;1,2%;1,1%;ORF18;?;PSH05;SSH05a;SSH05a (Yellow);216;216;178;178;234;234;215;215;188;194;346;358;320;326;177;177;246;246;158;158;144;150;176;184;212;221
CHE09_084;;TSP;Chesterfield Islands;CHE;da;Clade_2;GSH05a-3;1,7%;2,4%;ORF18;?;PSH05;SSH05a;SSH05a (Yellow);218;218;178;178;206;234;213;213;179;182;346;346;326;326;147;149;248;248;158;158;144;164;176;184;200;209
MAD_0138;;WIO;Northeastern Madagascar;MADne;da;Clade_3;GSH12;1,3%;1,1%;ORF34;?;PSH12;PSH12;PSH12;214;214;181;181;225;228;205;213;?;?;?;?;?;?;147;147;250;250;?;?;170;170;172;172;203;212
MAD_0412;;WIO;Northeastern Madagascar;MADne;gr;Clade_3;GSH12;1,7%;1,9%;ORF34;?;PSH12;PSH12;PSH12;222;222;181;181;225;225;205;205;185;185;355;355;317;317;147;147;246;258;162;166;168;174;172;172;209;212
MAD_0424;;WIO;Northeastern Madagascar;MADne;gr;Clade_3;GSH12;2,2%;3,0%;ORF34;?;PSH13;SSH13a;SSH13a;216;216;181;181;225;231;205;205;185;185;355;355;317;317;147;147;256;256;162;162;170;170;168;172;203;209
TR08;;WIO;Tromelin Island;TRO;gr;Clade_3;GSH12;1,2%;1,9%;ORF34;?;PSH12;PSH12;PSH12;212;216;181;181;225;225;205;205;185;188;358;358;317;317;147;147;246;256;154;162;?;?;?;?;203;218
TR46;;WIO;Tromelin Island;TRO;gr;Clade_3;GSH12;1,3%;1,0%;ORF34;?;PSH12;PSH12;PSH12;212;216;184;184;234;234;205;205;185;188;358;358;317;326;147;147;246;256;154;158;?;?;?;?;200;209
TR55;;WIO;Tromelin Island;TRO;gr;Clade_3;GSH12;1,2%;1,2%;ORF34;?;PSH12;PSH12;PSH12;214;214;181;181;222;228;205;213;188;191;355;355;317;317;151;151;260;260;162;162;?;?;?;?;203;212
LP012;;WIO;Reunion Island;REU;gr;Clade_3;GSH12;1,7%;1,7%;ORF34;?;PSH13;SSH13a;SSH13a;214;214;181;181;228;231;205;211;185;191;358;361;308;308;149;149;256;256;?;?;?;?;?;?;?;?
MAY5_021;;WIO;Mayotte;MAY;ve;Clade_3;GSH13a;1,0%;1,0%;?;?;PSH13;SSH13a;SSH13a;218;218;181;181;228;228;213;213;185;188;352;358;317;317;149;149;250;250;158;158;168;178;160;168;203;212
MAY5_031;;WIO;Mayotte;MAY;ve;Clade_3;GSH13a;1,5%;1,2%;ORF36;?;PSH13;SSH13a;SSH13a;218;218;181;184;219;234;213;213;188;188;349;349;320;320;?;?;254;258;154;158;172;174;160;168;200;224
MAY5_037;;WIO;Mayotte;MAY;ve;Clade_3;GSH13a;0,8%;0,6%;?;?;PSH13;SSH13a;SSH13a;214;214;178;184;225;231;213;213;188;194;349;349;317;317;?;?;250;258;158;161;170;176;172;172;200;221
Glo3_033;;WIO;Glorioso Islands;GLO;ve,me;Clade_3;GSH13a;1,3%;0,8%;ORF36;?;PSH13;SSH13a;SSH13a;216;216;178;181;231;234;215;215;188;194;355;355;317;320;149;149;254;254;163;163;?;?;?;?;203;218
Glo3_038;;WIO;Glorioso Islands;GLO;ve,me;Clade_3;GSH13a;1,5%;1,2%;ORF36;?;PSH13;SSH13a;SSH13a;216;216;193;196;231;231;213;213;188;188;349;349;317;317;147;147;256;256;162;162;?;?;?;?;212;215
JDN1_082;;WIO;Juan de Nova Island;JDN;ve,da;Clade_3;GSH13a;17,8%;24,3%;ORF39;?;PSH08;PSH08;PSH08;216;216;178;187;228;228;213;213;188;191;355;358;317;317;147;147;256;256;158;162;?;?;?;?;215;218
JDN2_067;JDN2_067-1;WIO;Juan de Nova Island;JDN;ve,me;Clade_3;GSH13a;1,0%;0,6%;ORF39;?;PSH13;SSH13a;SSH13a;216;216;184;184;228;228;215;215;188;191;358;358;317;317;151;151;246;254;154;158;?;?;?;?;200;200
JDN2_067;JDN2_067-2;WIO;Juan de Nova Island;JDN;ve,me;Clade_3;GSH13a;0,9%;0,8%;ORF39;?;PSH13;SSH13a;SSH13a;216;216;184;184;228;228;215;215;188;191;358;358;317;317;151;151;246;254;154;158;?;?;?;?;200;200
JDN2_093;;WIO;Juan de Nova Island;JDN;ve;Clade_3;GSH13a;0,9%;0,7%;?;?;PSH13;SSH13a;SSH13a;222;222;184;184;219;228;215;223;185;188;349;355;317;317;149;149;250;254;164;164;?;?;?;?;203;218
Eu02_10;;WIO;Europa Island;EUR;ve,da;Clade_3;GSH13a;0,9%;1,2%;?;?;PSH13;SSH13a;SSH13a;218;218;181;?;219;228;211;221;179;194;358;358;317;317;149;149;256;256;158;162;?;?;?;?;203;212
Eu02_22;;WIO;Europa Island;EUR;ve,me;Clade_3;GSH13a;2,0%;2,2%;ORF38;?;PSH13;SSH13a;SSH13a;218;218;181;181;234;234;213;213;188;188;355;355;317;317;175;175;250;256;154;162;?;?;?;?;203;212
Eu02_27;Eu02_27-1;WIO;Europa Island;EUR;ve;Clade_3;GSH13a;0,8%;0,4%;?;?;PSH13;SSH13a;SSH13a;216;216;181;187;228;228;213;219;188;191;352;358;317;317;149;149;256;256;162;165;?;?;?;?;206;215
Eu02_27;Eu02_27-2;WIO;Europa Island;EUR;ve;Clade_3;GSH13a;0,9%;0,4%;?;?;PSH13;SSH13a;SSH13a;216;216;181;187;228;228;213;219;188;191;352;358;317;317;149;149;256;256;162;165;?;?;?;?;206;215
Eu02_34;;WIO;Europa Island;EUR;ve,da;Clade_3;GSH13a;1,0%;0,7%;?;?;PSH13;SSH13a;SSH13a;216;216;181;181;228;228;215;215;185;188;358;358;317;317;149;149;256;256;154;154;?;?;?;?;203;203
MAD_0016;;WIO;Northeastern Madagascar;MADne;ve;Clade_3;GSH13a;1,0%;0,8%;?;?;PSH13;SSH13a;SSH13a;216;216;?;?;255;255;215;223;?;?;?;?;?;?;?;?;256;256;158;158;?;?;?;?;200;200
MAD_0104;;WIO;Northeastern Madagascar;MADne;ve;Clade_3;GSH13a;1,0%;0,6%;?;?;PSH13;SSH13a;SSH13a;218;218;?;?;225;228;213;221;188;191;?;?;317;317;179;179;254;254;158;158;170;170;160;168;203;224
MAD_0222;;WIO;Northeastern Madagascar;MADne;ve;Clade_3;GSH13a;1,5%;1,4%;ORF39;?;PSH13;SSH13a;SSH13a;216;216;?;?;219;228;213;213;188;191;?;?;320;320;151;175;256;256;?;?;170;172;168;168;203;218
MAD_0283;;WIO;Northeastern Madagascar;MADne;ve,me;Clade_3;GSH13a;1,1%;1,2%;ORF39;?;PSH13;SSH13a;SSH13a;216;216;?;?;255;255;213;213;188;191;355;355;?;?;149;173;254;256;?;?;168;170;168;172;200;221
MAD_0521;;WIO;Northwestern Madagascar;MADno;ve,da;Clade_3;GSH13a;1,5%;1,3%;ORF39;?;PSH13;SSH13a;SSH13a;?;?;181;184;225;228;213;213;188;191;355;358;320;320;149;149;254;256;162;162;182;184;168;172;206;212
MAD_0623;;WIO;Northwestern Madagascar;MADno;ve;Clade_3;GSH13a;2,9%;4,5%;ORF39;?;PSH13;SSH13c;SSH13c-2;?;?;181;181;225;231;213;213;188;188;355;355;317;317;147;147;246;246;162;162;166;168;172;180;?;?
MAD_0866;;WIO;Northwestern Madagascar;MADno;ve;Clade_3;GSH13a;1,8%;1,8%;ORF36;?;PSH13;SSH13a;SSH13a;216;216;181;181;225;231;213;213;188;188;343;358;317;317;147;147;256;256;162;162;168;170;168;172;200;224
MAD_0906;;WIO;Northwestern Madagascar;MADno;ve;Clade_3;GSH13a;1,3%;1,5%;?;?;PSH13;SSH13a;SSH13a;216;218;184;184;228;228;213;221;188;188;355;358;317;320;147;147;256;256;163;163;170;172;168;172;209;215
MAD_1053;;WIO;Northwestern Madagascar;MADno;da;Clade_3;GSH13a;1,0%;0,8%;ORF39;?;PSH13;SSH13a;SSH13a;?;?;184;184;228;228;221;221;188;188;358;358;317;320;?;?;254;256;162;162;168;178;160;180;197;200
MAD1_131;;WIO;Southwestern Madagascar;MADsw;da;Clade_3;GSH13a;1,0%;0,9%;ORF39;?;PSH13;SSH13a;SSH13a;216;216;181;181;228;228;213;221;188;188;349;361;320;320;147;147;254;256;158;162;168;178;168;172;200;203
MAD3_066;MAD3_066-1;WIO;Southwestern Madagascar;MADsw;ve,me,da;Clade_3;GSH13a;0,8%;0,8%;ORF39;?;PSH13;SSH13a;SSH13a;216;216;181;181;225;228;215;219;188;191;355;358;317;317;151;151;254;254;162;162;170;172;160;168;197;212
MAD3_066;MAD3_066-2;WIO;Southwestern Madagascar;MADsw;ve,me,da;Clade_3;GSH13a;0,9%;0,6%;ORF39;?;PSH13;SSH13a;SSH13a;216;216;181;181;225;228;215;219;188;191;355;358;317;317;151;151;254;254;162;162;170;172;160;168;197;212
MAD3_068;;WIO;Southwestern Madagascar;MADsw;ve;Clade_3;GSH13a;1,0%;1,3%;ORF39;?;PSH13;SSH13a;SSH13a;218;222;181;187;225;228;213;215;188;188;355;355;317;317;?;?;256;256;158;162;168;170;168;168;212;224
MAD3_075;;WIO;Southwestern Madagascar;MADsw;ve,da;Clade_3;GSH13a;1,0%;0,6%;ORF39;?;PSH13;SSH13a;SSH13a;222;222;184;184;210;234;?;?;188;188;349;361;317;317;173;173;254;256;158;158;170;170;160;168;206;206
LP018;;WIO;Reunion Island;REU;ve,da;Clade_3;GSH13a;1,2%;0,8%;ORF38;?;PSH13;SSH13a;SSH13a;216;216;184;184;231;231;211;221;188;191;355;355;317;317;151;151;256;256;?;?;?;?;?;?;203;212
LP052;;WIO;Reunion Island;REU;ve,me;Clade_3;GSH13a;1,1%;1,0%;?;?;PSH13;SSH13a;SSH13a;218;218;181;181;228;234;213;221;188;188;358;358;317;320;147;147;254;254;162;162;?;?;?;?;200;224
LP064;;WIO;Reunion Island;REU;ve;Clade_3;GSH13a;1,4%;1,4%;ORF39;?;PSH13;SSH13a;SSH13a;222;222;184;184;225;225;202;213;188;188;349;358;317;317;151;151;256;256;154;154;?;?;?;?;203;218
ROD2_068;;WIO;Rodrigues Island;ROD;ve,me;Clade_3;GSH13a;1,6%;0,8%;ORF39;?;PSH13;SSH13a;SSH13a;216;216;184;184;228;228;219;221;188;191;?;?;317;317;149;149;256;256;162;162;168;172;146;172;197;200
ROD2_085;;WIO;Rodrigues Island;ROD;ve,me;Clade_3;GSH13a;1,4%;1,2%;ORF39;?;PSH13;SSH13a;SSH13a;?;?;187;187;228;228;213;213;185;188;349;349;317;317;?;?;254;256;162;162;?;?;168;168;209;212
MAY5_131;;WIO;Mayotte;MAY;me,gr;Clade_3;GSH13c;1,1%;1,0%;ORF47;?;PSH13;SSH13c;SSH13c-2;218;218;181;181;225;225;213;217;182;182;355;355;?;?;147;147;250;250;154;154;?;?;172;172;209;215
CHE01_019;;TSP;Chesterfield Islands;CHE;ve;Clade_3;GSH13c;0,8%;0,7%;ORF53;?;PSH13;SSH13c;SSH13c-2;220;220;181;181;216;225;213;213;182;185;355;355;317;320;147;147;252;256;154;158;170;174;172;172;209;209
CHE01_025;;TSP;Chesterfield Islands;CHE;ve;Clade_3;GSH13c;0,9%;0,8%;ORF47;?;PSH13;SSH13c;SSH13c-1;220;222;181;181;228;228;213;215;182;182;355;358;?;?;?;?;250;250;158;162;164;168;?;?;206;212
CHE01_045;;TSP;Chesterfield Islands;CHE;ve;Clade_3;GSH13c;0,8%;0,5%;?;?;PSH13;SSH13a;SSH13a;?;?;181;181;?;?;213;213;188;188;?;?;317;317;149;153;256;260;?;?;?;?;?;?;?;?
CHE02_008;;TSP;Chesterfield Islands;CHE;gr;Clade_3;GSH13c;1,9%;1,9%;ORF53;?;PSH13;SSH13c;SSH13c-2;216;218;181;181;228;228;213;213;173;182;349;352;329;329;147;?;246;250;162;162;164;164;172;172;200;206
CHE02_016;;TSP;Chesterfield Islands;CHE;gr;Clade_3;GSH13c;0,9%;1,2%;ORF53;?;PSH16;PSH16;PSH16;222;222;181;181;225;225;213;215;182;188;346;355;317;329;149;149;254;254;164;164;174;174;172;180;203;203
CHE03_002;;TSP;Chesterfield Islands;CHE;ve;Clade_3;GSH13c;56,9%;64,7%;ORF47;?;PSH13;SSH13c;SSH13c-1;222;222;181;181;228;228;211;211;182;182;355;355;320;326;147;147;250;258;154;162;164;164;172;176;209;209
CHE04_066;;TSP;Chesterfield Islands;CHE;ve;Clade_3;GSH13c;1,0%;0,6%;ORF47;?;PSH13;SSH13c;SSH13c-1;222;222;181;181;216;216;213;213;182;182;355;355;?;?;147;149;252;256;158;158;164;164;?;?;203;203
CHE10_011;;TSP;Chesterfield Islands;CHE;ve;Clade_3;GSH13c;0,9%;0,9%;ORF47;?;PSH13;SSH13c;SSH13c-1;222;222;181;181;210;210;211;211;182;182;358;358;?;?;147;147;250;252;154;154;172;182;172;172;203;212
MAD_1082;;WIO;Northwestern Madagascar;MADno;ve,ke;Clade_3;GSH13c;1,0%;1,0%;ORF53;?;PSH16;PSH16;PSH16;218;220;181;196;231;231;215;215;173;182;355;355;317;317;147;147;256;256;154;162;162;168;174;174;218;221
NC04_013;;TSP;Western Grande Terre;NCAw;ve,me;Clade_3;GSH13c;1,5%;0,9%;ORF54;?;PSH16;PSH16;PSH16;222;222;181;181;225;225;211;211;182;182;?;?;?;?;173;173;244;254;162;162;162;172;172;172;200;203
NC04_019;;TSP;Western Grande Terre;NCAw;ve,me;Clade_3;GSH13c;1,0%;0,8%;ORF53;?;PSH16;PSH16;PSH16;?;?;181;181;231;231;211;217;182;182;?;?;?;?;147;147;246;248;?;?;166;166;?;?;?;?
NC04_020;;TSP;Western Grande Terre;NCAw;me,gr;Clade_3;GSH13c;0,9%;0,8%;ORF47;?;PSH13;SSH13c;SSH13c-1;222;222;181;181;216;228;211;213;182;185;?;?;?;?;147;147;254;254;154;154;166;172;172;172;206;218
NC04_052;;TSP;Western Grande Terre;NCAw;me,gr;Clade_3;GSH13c;1,5%;1,1%;ORF53;?;PSH16;PSH16;PSH16;220;220;?;?;231;234;211;211;182;188;?;?;?;?;147;147;254;254;?;?;162;168;172;172;209;212
NC04_068;;TSP;Western Grande Terre;NCAw;ve,me;Clade_3;GSH13c;1,1%;0,9%;?;?;PSH13;SSH13c;SSH13c-1;222;222;181;181;228;228;211;215;182;188;?;?;?;?;147;147;252;252;162;162;?;?;172;172;209;209
NC07_033;;TSP;Western Grande Terre;NCAw;ve,me,gr;Clade_3;GSH13c;1,8%;1,7%;?;?;PSH13;SSH13c;SSH13c-1;222;222;181;181;213;237;213;213;182;182;?;?;317;326;147;147;248;248;162;162;166;166;?;?;203;224
NC07_041;;TSP;Western Grande Terre;NCAw;ve,me;Clade_3;GSH13c;2,9%;3,6%;ORF47;?;PSH13;SSH13c;SSH13c-2;216;218;181;181;216;231;209;211;182;182;?;?;317;317;147;147;246;246;150;154;166;166;?;?;203;212
NC07_078;;TSP;Western Grande Terre;NCAw;ve;Clade_3;GSH13c;1,0%;0,8%;?;?;PSH13;SSH13c;SSH13c-2;218;220;178;181;231;231;211;213;182;188;358;358;317;320;147;175;248;252;154;154;162;164;172;172;200;236
NC07_090;;TSP;Western Grande Terre;NCAw;ve;Clade_3;GSH13c;22,3%;21,7%;ORF53;?;PSH16;PSH16;PSH16;220;220;181;181;221;221;211;213;185;188;355;358;320;320;149;149;252;254;158;158;164;174;176;176;209;212
NC07_132;;TSP;Western Grande Terre;NCAw;ve,me;Clade_3;GSH13c;3,2%;3,3%;?;?;PSH13;SSH13c;SSH13c-1;222;222;181;181;228;228;211;211;182;182;355;358;?;?;?;?;248;248;162;162;162;164;176;176;212;218
NC08_116;;TSP;Western Grande Terre;NCAw;ve,me;Clade_3;GSH13c;2,0%;2,2%;?;?;PSH13;SSH13c;SSH13c-1;224;224;181;181;225;243;211;215;182;182;349;358;332;332;149;149;246;246;162;162;172;172;172;172;209;215
NC08_139;;TSP;Western Grande Terre;NCAw;ve,me,gr;Clade_3;GSH13c;1,2%;1,3%;?;?;PSH13;SSH13c;SSH13c-1;222;222;181;181;216;231;211;211;182;182;349;358;326;326;173;173;248;252;154;162;162;164;172;172;209;215
NC25_053;;TSP;Eastern Grande Terre;NCAe;ve;Clade_3;GSH13c;3,1%;2,9%;ORF54;?;PSH16;PSH16;PSH16;222;222;187;190;231;231;207;213;182;182;355;355;?;?;149;177;244;254;158;158;164;164;168;168;209;215
NC25_062;;TSP;Eastern Grande Terre;NCAe;ve;Clade_3;GSH13c;1,4%;1,3%;?;?;PSH13;SSH13c;SSH13c-2;216;218;178;187;216;228;213;213;?;?;?;?;317;317;147;149;248;248;158;162;164;164;172;172;203;203
NC25_102;;TSP;Eastern Grande Terre;NCAe;ve,ke;Clade_3;GSH13c;1,5%;1,3%;ORF47;?;PSH13;SSH13c;SSH13c-2;206;206;193;193;216;231;211;213;182;188;358;358;317;317;147;173;248;248;154;154;164;164;172;172;215;218
NC28_056;;TSP;Eastern Grande Terre;NCAe;ve,me;Clade_3;GSH13c;1,7%;1,0%;?;?;PSH13;SSH13c;SSH13c-2;218;218;181;181;231;252;?;?;182;182;?;?;317;317;147;147;254;254;154;154;164;164;172;172;209;212
NC29_050;;TSP;Eastern Grande Terre;NCAe;ve,me;Clade_3;GSH13c;2,6%;2,6%;?;?;PSH13;SSH13c;SSH13c-2;?;?;181;181;216;216;213;213;182;182;355;358;?;?;149;149;244;252;158;162;160;170;172;176;209;215
NC29_061;;TSP;Eastern Grande Terre;NCAe;ve,me;Clade_3;GSH13c;1,7%;1,4%;?;?;PSH13;SSH13c;SSH13c-2;214;214;181;181;228;231;211;213;?;?;?;?;317;317;147;149;246;248;158;164;164;172;172;172;209;212
NC29_068;;TSP;Eastern Grande Terre;NCAe;ve,me;Clade_3;GSH13c;9,6%;8,6%;?;?;PSH13;SSH13c;SSH13c-1;222;222;181;181;225;228;213;213;182;188;355;358;320;320;173;173;246;248;162;162;164;172;168;172;200;212
NC30_017;;TSP;Eastern Grande Terre;NCAe;ve,me;Clade_3;GSH13c;2,1%;2,1%;?;?;PSH13;SSH13c;SSH13c-1;222;222;181;181;231;237;215;217;182;182;?;?;320;320;?;?;248;248;158;158;164;164;172;176;?;212
NC30_031;;TSP;Eastern Grande Terre;NCAe;ve,me;Clade_3;GSH13c;17,1%;14,8%;ORF47;?;PSH13;SSH13c;SSH13c-2;218;218;181;181;225;231;211;213;182;188;355;358;?;?;173;173;248;254;154;154;164;166;?;?;200;215
NC30_044;;TSP;Eastern Grande Terre;NCAe;ve,me;Clade_3;GSH13c;10,2%;8,9%;ORF54;?;PSH16;PSH16;PSH16;216;220;?;?;?;?;213;213;182;182;355;355;320;320;147;147;248;248;158;162;162;162;168;168;203;209
NC30_139;;TSP;Eastern Grande Terre;NCAe;gr;Clade_3;GSH13c;11,0%;9,6%;ORF35;?;PSH13;?;?;224;224;178;178;225;228;211;213;182;182;358;363;317;323;149;173;244;254;158;158;164;164;172;172;200;212
NC19_021;;TSP;Loyalty Islands;LOY;gr;Clade_3;GSH13c;48,4%;53,6%;ORF42;?;PSH13;?;?;216;218;?;?;216;228;213;213;182;182;?;?;320;323;147;147;250;250;158;162;?;?;168;172;197;218
To_02;;TSP;Tonga Islands;TON;me;Clade_3;GSH13c;0,9%;0,8%;ORF53;?;PSH16;PSH16;PSH16;218;218;181;181;234;234;211;213;182;182;355;355;?;?;?;?;248;248;154;162;164;172;176;176;203;218
To_12;;TSP;Tonga Islands;TON;me;Clade_3;GSH13c;2,0%;2,6%;?;?;PSH13;SSH13c;SSH13c-1;222;222;181;181;225;234;211;215;182;182;?;?;?;?;149;173;254;254;162;162;?;?;172;172;203;218
To_44;;TSP;Tonga Islands;TON;me;Clade_3;GSH13c;5,3%;6,4%;?;?;PSH13;SSH13c;SSH13c-1;222;222;181;181;228;228;?;?;182;182;346;349;?;?;149;151;248;250;158;162;170;178;172;184;209;209
NC04_090;;TSP;Western Grande Terre;NCAw;ve,da;Clade_3;GSH15;1,1%;0,7%;ORF52;?;PSH15;PSH15;PSH15;220;220;181;181;231;231;211;213;182;182;355;355;?;?;?;?;246;246;162;162;148;148;176;176;?;?
NC06_025;;TSP;Western Grande Terre;NCAw;ve;Clade_3;GSH15;1,1%;0,6%;ORF54;?;PSH16;PSH16;PSH16;220;220;181;181;240;240;213;213;182;182;?;?;?;?;?;?;?;?;162;162;150;150;172;172;?;?
NC08_099;;TSP;Western Grande Terre;NCAw;da;Clade_3;GSH15;33,2%;37,6%;ORF52;?;PSH15;PSH15;PSH15;220;220;181;181;228;240;213;213;182;182;346;346;?;?;179;179;248;248;?;?;148;168;172;172;209;215
NC28_123;;TSP;Eastern Grande Terre;NCAe;da;Clade_3;GSH15;6,1%;4,8%;ORF52;?;PSH15;PSH15;PSH15;220;220;181;181;228;240;213;213;182;182;?;?;?;?;177;177;246;252;154;162;148;148;168;168;?;?
NC21_105;;TSP;Loyalty Islands;LOY;da;Clade_3;GSH15;2,4%;2,2%;ORF27;?;PSH09;SSH09b;SSH09b-1;220;220;178;190;221;228;211;211;182;182;?;?;320;320;?;?;246;246;162;162;148;150;176;176;200;200
Bo_01;;SEP;Bora-Bora;BOR;me;Clade_3;GSH14;11,1%;12,3%;ORF50;?;PSH14;PSH14;PSH14;216;216;181;181;231;231;211;211;182;188;355;355;?;?;173;173;250;252;158;162;148;156;172;172;212;212
Bo_17;;SEP;Bora-Bora;BOR;me;Clade_3;GSH14;1,7%;1,8%;ORF50;?;PSH14;PSH14;PSH14;216;216;181;181;231;237;213;213;188;191;355;355;?;?;173;177;250;250;162;162;164;164;172;172;212;218
Mo1_02;;SEP;Moorea;MOO;me;Clade_3;GSH14;6,6%;7,0%;ORF50;?;PSH14;PSH14;PSH14;216;216;181;181;231;231;211;215;188;191;355;355;?;?;173;173;252;252;154;158;164;168;180;180;?;?
Mo3_18;;SEP;Moorea;MOO;me;Clade_3;GSH14;2,1%;2,0%;ORF50;?;PSH14;PSH14;PSH14;216;216;181;181;225;231;211;215;185;188;355;358;?;?;149;173;248;248;160;160;166;172;180;180;224;224
Ta06;;SEP;Tahiti;TAH;me;Clade_3;GSH14;2,5%;3,0%;ORF50;?;PSH14;PSH14;PSH14;216;216;181;181;225;234;217;217;188;194;355;355;323;?;147;173;252;252;?;?;?;?;?;?;?;?
MAY5_101;;WIO;Mayotte;MAY;velvety;Clade_4;GSH13b;1,4%;1,1%;ORF46;?;PSH13;SSH13b;SSH13b;222;222;187;187;?;?;209;213;182;182;?;?;320;320;149;149;244;244;158;158;?;?;200;236;212;212
MAY5_102;;WIO;Mayotte;MAY;velvety;Clade_4;GSH13b;1,6%;1,7%;ORF46;Hist03;PSH13;SSH13b;SSH13b;218;218;187;190;231;234;205;205;182;182;?;?;320;320;147;163;244;244;154;154;?;?;180;192;209;215
Glo3_068;;WIO;Glorioso Islands;GLO;velvety;Clade_4;GSH13b;1,7%;1,9%;ORF46;Hist02;PSH13;SSH13b;SSH13b;222;222;187;187;234;234;213;221;182;182;355;355;320;320;?;?;?;?;154;158;?;?;?;?;?;?
Glo3_077;;WIO;Glorioso Islands;GLO;velvety;Clade_4;GSH13b;1,6%;1,5%;ORF46;?;PSH13;SSH13b;SSH13b;216;216;?;?;246;252;205;205;182;182;358;358;320;320;?;?;244;248;154;154;?;?;?;?;206;221
JDN2_081;;WIO;Juan de Nova Island;JDN;velvety;Clade_4;GSH13b;14,6%;20,5%;ORF46;Hist01;PSH13;SSH13b;SSH13b;216;216;187;187;234;246;205;221;182;182;366;366;320;320;147;147;246;246;154;154;?;?;?;?;209;227
JDN3_046;;WIO;Juan de Nova Island;JDN;velvety;Clade_4;GSH13b;14,5%;20,4%;ORF46;?;PSH13;SSH13b;SSH13b;218;222;187;187;231;234;207;211;182;182;366;366;320;320;149;149;244;244;154;158;?;?;?;?;212;212
Eu03_62;;WIO;Europa Island;EUR;velvety;Clade_4;GSH13b;2,0%;3,2%;ORF46;?;PSH13;SSH13b;SSH13b;218;218;187;193;234;234;207;211;182;182;355;358;320;320;147;147;248;248;154;154;?;?;?;?;?;?
Eu04_43;;WIO;Europa Island;EUR;velvety;Clade_4;GSH13b;1,5%;2,1%;ORF46;Hist01;PSH13;SSH13b;SSH13b;218;218;187;187;234;249;205;205;182;182;349;349;320;320;147;147;244;248;154;158;?;?;?;?;209;218
MAD_0095;;WIO;Northeastern Madagascar;MADne;velvety;Clade_4;GSH13b;1,6%;1,9%;?;Hist01;PSH13;SSH13b;SSH13b;?;?;?;?;?;?;?;?;?;?;?;?;?;?;?;?;?;?;?;?;?;?;?;?;?;?
MAD_0099;;WIO;Northeastern Madagascar;MADne;velvety;Clade_4;GSH13b;1,6%;1,9%;?;?;PSH13;SSH13b;SSH13b;?;?;?;?;?;?;?;?;?;?;?;?;?;?;?;?;?;?;?;?;?;?;?;?;?;?
MAD_0464;;WIO;Northeastern Madagascar;MADne;velvety;Clade_4;GSH13b;2,2%;3,1%;?;?;PSH13;SSH13b;SSH13b;216;216;184;187;?;?;211;211;182;182;349;349;320;323;147;147;244;244;158;162;168;172;?;?;215;218
MAD_0674;;WIO;Northwestern Madagascar;MADno;velvety;Clade_4;GSH13b;3,5%;4,6%;?;Hist02;PSH13;SSH13b;SSH13b;216;224;187;190;243;243;205;205;182;182;349;349;320;320;147;147;244;248;154;158;168;168;196;200;218;218
MAD_0777;;WIO;Northwestern Madagascar;MADno;velvety;Clade_4;GSH13b;1,5%;1,6%;?;?;PSH13;SSH13b;SSH13b;216;216;181;187;234;234;205;213;182;182;?;?;320;320;147;147;248;248;154;154;172;172;172;196;209;212
MAD_1119;;WIO;Northwestern Madagascar;MADno;velvety;Clade_4;GSH13b;3,0%;3,2%;?;?;PSH13;SSH13b;SSH13b;218;218;187;187;246;246;205;209;182;182;?;?;320;320;147;147;250;256;154;154;154;162;?;?;209;212
MAD3_010;;WIO;Southwestern Madagascar;MADsw;velvety;Clade_4;GSH13b;1,2%;1,2%;ORF46;?;PSH13;SSH13b;SSH13b;222;222;187;187;231;246;205;211;182;182;349;349;320;320;147;147;244;244;154;158;172;172;188;188;206;206
MAD3_085;;WIO;Southwestern Madagascar;MADsw;velvety;Clade_4;GSH13b;1,2%;1,2%;ORF46;Hist04;PSH13;SSH13b;SSH13b;216;216;187;187;234;243;?;?;182;182;355;355;320;320;?;?;?;?;154;154;146;146;180;192;212;221
LP031;;WIO;Reunion Island;REU;velvety;Clade_4;GSH13b;1,3%;0,9%;?;Hist03;PSH13;SSH13b;SSH13b;216;216;175;187;234;243;205;205;182;182;355;355;320;323;147;147;244;244;158;163;?;?;?;?;?;?
LP098;;WIO;Reunion Island;REU;velvety;Clade_4;GSH13b;1,4%;1,2%;?;Hist01;PSH13;SSH13b;SSH13b;216;222;187;187;231;234;205;213;182;182;355;355;320;320;151;151;244;248;154;158;?;?;?;?;209;209
ROD2_009;;WIO;Rodrigues Island;ROD;velvety;Clade_4;GSH13b;1,4%;1,6%;?;?;PSH13;SSH13b;SSH13b;216;216;187;193;234;243;211;211;182;182;?;?;320;320;147;147;244;244;154;154;156;156;172;196;212;215
ROD4_041;;WIO;Rodrigues Island;ROD;velvety;Clade_4;GSH13b;1,3%;1,3%;ORF46;?;PSH13;SSH13b;SSH13b;216;216;187;187;243;246;205;205;182;182;?;?;320;320;147;147;248;248;154;154;172;172;?;?;212;212
LP090;;WIO;Reunion Island;REU;da;Clade_4;GSH09b;2,9%;3,3%;ORF27;?;PSH09;SSH09b;SSH09b-1;218;228;187;187;234;234;211;211;182;182;352;358;323;326;147;147;248;248;162;162;?;?;?;?;215;221
LP094;;WIO;Reunion Island;REU;da;Clade_4;GSH09b;3,4%;4,5%;ORF27;?;PSH09;SSH09b;SSH09b-1;?;?;187;187;234;243;211;211;182;182;352;358;323;323;147;147;240;240;158;158;?;?;?;?;209;209
CHE03_015;;TSP;Chesterfield Islands;CHE;ve;Clade_4;GSH09b;1,0%;0,8%;ORF23;Hist05;PSH06;PSH06;PSH06;218;218;172;181;234;243;213;213;182;182;358;358;?;?;147;147;248;248;163;163;144;154;172;172;209;218
CHE04_031;;TSP;Chesterfield Islands;CHE;ve;Clade_4;GSH09b;0,9%;0,7%;ORF23;?;PSH06;PSH06;PSH06;218;218;184;187;231;?;211;211;182;182;352;358;338;338;147;147;254;254;?;?;?;160;172;180;209;215
CHE04_057;;TSP;Chesterfield Islands;CHE;ve;Clade_4;GSH09b;1,2%;0,8%;ORF27;Hist05;PSH09;SSH09b;SSH09b-1;218;218;?;?;231;234;211;213;?;?;?;?;?;?;147;149;242;242;162;162;158;160;150;172;206;221
CHE07_032;;TSP;Chesterfield Islands;CHE;ve;Clade_4;GSH09b;1,2%;0,6%;?;Hist05;PSH09;SSH09b;SSH09b-1;?;?;184;187;246;255;211;213;?;?;358;358;323;323;147;147;252;254;158;158;?;?;?;?;209;215
CHE08_035;;TSP;Chesterfield Islands;CHE;ve;Clade_4;GSH09b;1,1%;1,2%;ORF27;Hist05;PSH09;SSH09b;SSH09b-1;217;217;190;190;231;240;211;211;182;182;358;358;320;326;147;149;242;250;158;162;?;?;172;172;212;221
CHE10_005;;TSP;Chesterfield Islands;CHE;ve;Clade_4;GSH09b;1,1%;1,2%;ORF23;Hist05;PSH09;SSH09b;SSH09b-1;225;225;184;184;231;234;213;213;182;182;358;358;323;323;147;147;?;?;162;162;148;156;188;188;212;227
NC06_010;;TSP;Western Grande Terre;NCAw;ve,me;Clade_4;GSH09b;1,0%;1,2%;ORF27;Hist05;PSH09;SSH09b;SSH09b-1;218;218;178;190;228;246;211;215;182;182;337;346;?;?;147;147;?;?;158;162;158;158;164;180;215;221
NC06_081;;TSP;Western Grande Terre;NCAw;ve,me;Clade_4;GSH09b;1,1%;0,8%;?;Hist05;PSH09;SSH09b;SSH09b-1;218;218;?;?;?;?;213;215;182;188;355;355;?;?;147;147;?;?;166;166;154;154;176;176;218;221
NC07_104;;TSP;Western Grande Terre;NCAw;me,gr;Clade_4;GSH09b;26,4%;28,7%;ORF27;?;PSH09;SSH09b;SSH09b-1;216;216;181;187;240;243;213;213;179;182;355;355;?;?;147;147;246;252;158;158;158;158;152;172;209;212
NC08_038;;TSP;Western Grande Terre;NCAw;ve,me;Clade_4;GSH09b;41,6%;43,1%;ORF23;?;PSH09;SSH09b;SSH09b-1;218;218;178;178;231;237;?;?;182;188;346;346;320;320;147;147;242;244;158;158;154;154;172;172;212;218
NC25_081;;TSP;Eastern Grande Terre;NCAe;ve;Clade_4;GSH09b;1,4%;1,3%;?;?;PSH09;SSH09b;SSH09b-1;216;216;187;190;237;243;213;217;182;182;?;?;?;?;147;147;240;240;158;166;150;166;176;176;218;218
NC26_091;;TSP;Eastern Grande Terre;NCAe;me,gr;Clade_4;GSH09b;15,1%;14,0%;ORF23;?;PSH06;PSH06;PSH06;218;218;184;187;234;243;211;213;182;182;?;?;?;?;147;147;250;250;162;162;152;156;172;176;197;227
NC27_017;;TSP;Eastern Grande Terre;NCAe;me,gr;Clade_4;GSH09b;2,8%;2,4%;?;?;PSH09;SSH09b;SSH09b-1;218;218;184;193;243;246;213;213;182;182;?;?;317;326;147;147;240;248;162;162;?;?;172;176;212;224
NC27_038;;TSP;Eastern Grande Terre;NCAe;ve,me,gr;Clade_4;GSH09b;10,1%;9,4%;ORF23;?;PSH06;PSH06;PSH06;218;218;187;190;240;243;209;217;?;?;?;?;302;323;147;147;?;?;158;158;154;156;176;176;212;221
NC28_055;;TSP;Eastern Grande Terre;NCAe;ve,me;Clade_4;GSH09b;9,4%;10,6%;?;?;PSH09;SSH09b;SSH09b-1;218;218;?;?;237;246;211;211;182;182;?;?;?;?;147;147;238;246;158;158;156;162;172;176;206;215
NC29_031;;TSP;Eastern Grande Terre;NCAe;me,gr;Clade_4;GSH09b;3,5%;3,0%;?;?;PSH09;SSH09b;SSH09b-1;228;228;181;184;240;243;213;213;182;182;358;358;?;?;147;147;244;244;162;162;158;158;160;188;?;?
NC29_131;;TSP;Eastern Grande Terre;NCAe;me,gr;Clade_4;GSH09b;4,2%;3,3%;?;?;PSH09;SSH09b;SSH09b-1;218;218;184;187;240;240;213;213;182;182;343;355;323;323;147;173;250;250;?;?;156;156;172;176;212;215
NC21_028;;TSP;Loyalty Islands;LOY;ve,me;Clade_4;GSH09b;2,0%;2,4%;?;?;PSH09;SSH09b;SSH09b-1;218;218;?;?;234;249;?;?;182;182;?;?;326;326;147;147;246;258;158;158;?;?;172;188;215;218
NC21_069;;TSP;Loyalty Islands;LOY;ve,me,gr;Clade_4;GSH09b;45,0%;50,7%;ORF23;?;PSH06;PSH06;PSH06;224;224;178;181;231;234;211;211;182;182;?;?;?;?;147;147;238;238;162;166;148;160;172;176;209;218
NC21_087;;TSP;Loyalty Islands;LOY;ve,me;Clade_4;GSH09b;1,8%;2,0%;?;?;PSH09;SSH09b;SSH09b-1;220;230;178;184;234;234;213;215;182;182;?;?;?;?;147;147;?;?;?;?;?;?;?;?;209;224
Mo1_16;;SEP;Moorea;MOO;me;Clade_4;GSH09b;25,5%;29,1%;ORF27;?;PSH09;SSH09b;SSH09b-1;216;220;184;190;237;240;211;211;182;182;358;358;?;?;147;147;250;252;?;?;?;?;172;172;206;215
Mo1_17;;SEP;Moorea;MOO;me;Clade_4;GSH09b;12,4%;15,0%;?;?;PSH09;SSH09b;SSH09b-1;218;218;?;?;?;?;209;213;182;182;352;358;?;?;147;147;240;246;?;?;154;160;172;172;215;221
Mo1_34;;SEP;Moorea;MOO;me;Clade_4;GSH09b;12,8%;15,2%;ORF27;?;PSH07;PSH07;PSH07;218;218;187;187;231;249;?;?;182;182;358;358;?;?;147;147;244;244;158;158;156;156;176;176;206;221
Mo1_48;;SEP;Moorea;MOO;me;Clade_4;GSH09b;4,8%;5,3%;ORF23;?;PSH06;PSH06;PSH06;216;216;187;199;231;231;213;213;182;182;?;?;?;?;147;147;240;240;158;162;160;160;172;172;209;209
MAY1_027;;WIO;Mayotte;MAY;gr;Clade_4;GSH09a;1,3%;1,6%;?;?;PSH09;SSH09a;SSH09a-1;216;216;187;187;243;246;207;211;182;182;355;358;311;320;147;147;244;248;163;163;160;164;?;?;206;209
MAY1_084;;WIO;Mayotte;MAY;gr;Clade_4;GSH09a;1,1%;1,0%;?;?;PSH09;SSH09a;SSH09a-2;218;224;187;187;246;249;219;219;182;182;352;358;?;?;147;147;?;?;163;163;170;170;168;168;200;203
MAY1_098;;WIO;Mayotte;MAY;gr;Clade_4;GSH09a;1,8%;2,5%;ORF27;?;PSH09;SSH09a;SSH09a-3;216;222;187;190;237;240;205;211;182;182;358;358;311;320;147;147;250;250;158;158;164;164;176;176;209;212
MAY5_087;;WIO;Mayotte;MAY;gr;Clade_4;GSH09a;1,4%;1,1%;?;?;PSH09;SSH09a;SSH09a-3;216;224;190;202;243;249;211;211;182;185;349;358;320;320;147;147;250;250;158;163;?;?;200;208;203;209
MAY5_088;;WIO;Mayotte;MAY;gr;Clade_4;GSH09a;1,3%;1,2%;?;?;PSH09;SSH09a;SSH09a-2;222;222;187;190;?;?;211;211;182;182;352;352;320;320;147;147;252;252;162;162;?;?;176;176;203;206
MAY5_093;;WIO;Mayotte;MAY;gr;Clade_4;GSH09a;1,3%;1,0%;ORF27;Hist06;PSH09;SSH09a;SSH09a-1;222;222;187;187;249;249;211;211;182;182;?;?;?;?;147;147;244;244;163;163;162;162;184;208;203;206
Glo2_005;;WIO;Glorioso Islands;GLO;gr;Clade_4;GSH09a;1,5%;2,3%;ORF27;Hist06;PSH09;SSH09a;SSH09a-1;216;216;187;190;246;255;205;207;182;185;361;361;311;311;147;147;244;244;163;163;?;?;?;?;206;212
Glo3_059;;WIO;Glorioso Islands;GLO;gr;Clade_4;GSH09a;1,4%;1,8%;ORF27;?;PSH09;SSH09a;SSH09a-3;220;220;187;187;243;255;205;211;182;182;363;366;320;320;147;147;250;250;162;162;?;?;?;?;206;206
Glo3_071;;WIO;Glorioso Islands;GLO;gr;Clade_4;GSH09a;1,7%;2,2%;ORF27;?;PSH09;SSH09a;SSH09a-1;216;216;187;187;249;258;205;209;182;188;352;366;314;323;147;147;244;244;158;158;?;?;?;?;206;215
Glo3_084;;WIO;Glorioso Islands;GLO;gr;Clade_4;GSH09a;1,2%;1,3%;ORF27;?;PSH09;SSH09a;SSH09a-2;222;222;187;187;243;243;211;211;182;182;358;358;320;323;147;147;252;252;158;158;?;?;?;?;209;209
Glo3_086;;WIO;Glorioso Islands;GLO;gr;Clade_4;GSH09a;1,4%;1,5%;ORF27;?;PSH09;SSH09a;SSH09a-2;216;216;187;187;243;249;219;219;182;182;355;355;320;323;147;149;252;252;158;158;?;?;?;?;200;212
Glo3_087;;WIO;Glorioso Islands;GLO;gr;Clade_4;GSH09a;1,3%;1,7%;ORF27;?;PSH09;SSH09a;SSH09a-3;222;222;190;202;237;258;205;213;182;185;352;352;320;320;147;147;250;250;158;158;?;?;?;?;200;206
JDN1_005;;WIO;Juan de Nova Island;JDN;gr;Clade_4;GSH09a;1,6%;1,4%;?;?;PSH09;SSH09a;SSH09a-2;216;216;187;187;249;255;223;223;182;182;369;369;314;320;147;147;252;252;158;168;?;?;?;?;200;218
JDN1_025;;WIO;Juan de Nova Island;JDN;gr;Clade_4;GSH09a;1,1%;1,4%;?;?;PSH09;SSH09a;SSH09a-3;216;216;187;190;243;252;211;211;182;182;352;366;311;311;147;149;250;250;166;166;?;?;?;?;209;218
JDN1_041;;WIO;Juan de Nova Island;JDN;gr;Clade_4;GSH09a;1,2%;0,8%;?;?;PSH09;SSH09a;SSH09a-1;216;222;187;187;255;255;211;211;179;182;358;363;317;320;147;147;244;244;163;163;?;?;?;?;206;209
JDN3_053;;WIO;Juan de Nova Island;JDN;gr;Clade_4;GSH09a;18,3%;23,7%;ORF27;?;PSH08;PSH08;PSH08;222;222;187;190;234;246;205;207;182;185;358;366;320;323;147;147;244;248;162;162;?;?;?;?;203;212
JDN3_059;;WIO;Juan de Nova Island;JDN;gr;Clade_4;GSH09a;1,3%;1,3%;ORF27;?;PSH09;SSH09a;SSH09a-2;216;216;187;187;243;249;219;219;182;185;358;358;320;323;147;147;252;252;158;158;?;?;?;?;203;224
JDN3_061;;WIO;Juan de Nova Island;JDN;gr;Clade_4;GSH09a;1,2%;1,5%;ORF27;?;PSH09;SSH09a;SSH09a-3;216;216;187;187;243;255;205;207;182;182;358;366;320;320;147;149;250;250;162;162;?;?;?;?;206;209
JDN3_077;;WIO;Juan de Nova Island;JDN;gr;Clade_4;GSH09a;1,0%;1,3%;ORF27;Hist06;PSH09;SSH09a;SSH09a-1;216;216;187;187;243;246;211;213;182;182;361;361;311;320;147;147;248;248;158;163;?;?;?;?;212;212
Eu01_09;;WIO;Europa Island;EUR;gr;Clade_4;GSH09a;3,6%;4,2%;ORF27;?;PSH09;SSH09a;SSH09a-3;216;216;187;187;243;243;211;211;182;182;361;366;320;320;147;147;250;250;158;158;?;?;?;?;?;?
Eu01_51;;WIO;Europa Island;EUR;gr;Clade_4;GSH09a;1,2%;1,3%;ORF27;?;PSH09;SSH09a;SSH09a-1;216;216;187;187;249;255;205;207;182;182;346;358;311;311;147;147;244;244;158;158;?;?;?;?;?;?
Eu01_54;;WIO;Europa Island;EUR;gr;Clade_4;GSH09a;1,2%;1,2%;ORF27;?;PSH09;SSH09a;SSH09a-1;216;222;187;187;255;258;205;211;182;182;361;363;311;320;147;147;244;244;163;163;?;?;?;?;?;?
Eu01_63;;WIO;Europa Island;EUR;gr;Clade_4;GSH09a;1,3%;1,1%;ORF27;?;PSH09;SSH09a;SSH09a-2;218;220;187;187;246;246;211;213;182;182;363;366;311;323;147;147;252;252;158;162;?;?;?;?;?;?
Eu01_79;;WIO;Europa Island;EUR;gr;Clade_4;GSH09a;1,1%;1,4%;ORF27;Hist06;PSH09;SSH09a;SSH09a-3;216;216;187;187;246;249;205;211;182;182;358;358;320;320;147;147;250;250;158;158;?;?;?;?;?;?
Eub09;;WIO;Europa Island;EUR;gr;Clade_4;GSH09a;1,5%;1,9%;?;?;PSH09;SSH09a;SSH09a-2;216;216;187;187;243;243;211;211;182;182;358;358;317;320;147;147;252;252;158;158;?;?;?;?;?;?
MAD_0033;;WIO;Northeastern Madagascar;MADne;gr;Clade_4;GSH09a;14,9%;13,7%;?;?;PSH09;SSH09a;SSH09a-3;216;224;?;?;255;258;211;211;179;182;?;?;?;?;147;147;250;250;?;?;150;150;?;?;206;209
MAD_0046;;WIO;Northeastern Madagascar;MADne;gr;Clade_4;GSH09a;1,3%;1,3%;?;Hist06;PSH09;SSH09a;SSH09a-1;216;222;?;?;252;255;211;211;185;185;?;?;?;?;147;147;244;244;158;158;?;?;188;200;203;206
MAD_0050;;WIO;Northeastern Madagascar;MADne;gr;Clade_4;GSH09a;8,6%;8,3%;?;?;PSH09;SSH09a;SSH09a-2;216;216;?;?;243;249;207;213;182;182;?;?;320;320;147;147;252;252;?;?;158;158;176;176;200;206
MAD_0209;;WIO;Northeastern Madagascar;MADne;gr;Clade_4;GSH09a;1,5%;1,4%;?;?;PSH09;SSH09a;SSH09a-1;216;216;?;?;243;246;211;211;?;?;?;?;317;317;147;147;244;244;158;158;?;?;176;176;200;206
MAD_0217;;WIO;Northeastern Madagascar;MADne;gr;Clade_4;GSH09a;1,5%;1,7%;?;?;PSH09;SSH09a;SSH09a-2;?;?;?;?;243;246;211;211;?;?;?;?;311;311;147;147;252;252;158;158;?;?;176;176;200;212
MAD_0256;;WIO;Northeastern Madagascar;MADne;gr;Clade_4;GSH09a;2,1%;3,7%;?;?;PSH09;SSH09a;SSH09a-3;216;216;?;?;243;243;207;211;182;194;?;?;?;?;147;147;250;250;163;169;160;160;176;176;200;206
MAD_0423;;WIO;Northeastern Madagascar;MADne;gr;Clade_4;GSH09a;13,0%;12,4%;?;?;PSH09;SSH09a;SSH09a-1;216;216;187;187;246;255;209;211;182;182;358;358;314;320;147;147;244;244;163;163;160;160;176;176;200;209
MAD_0448;;WIO;Northeastern Madagascar;MADne;gr;Clade_4;GSH09a;17,3%;17,3%;?;?;PSH09;SSH09a;SSH09a-3;216;216;187;187;243;243;209;211;182;182;355;366;320;320;147;147;250;250;158;158;?;?;188;200;200;206
MAD_0656;;WIO;Northwestern Madagascar;MADno;gr;Clade_4;GSH09a;24,5%;24,7%;?;?;PSH09;SSH09a;SSH09a-2;216;216;190;190;237;252;211;211;182;182;358;358;314;320;147;147;252;252;158;158;150;168;?;?;206;212
MAD_0658;;WIO;Northwestern Madagascar;MADno;gr;Clade_4;GSH09a;22,3%;21,5%;?;?;PSH09;SSH09a;SSH09a-1;222;222;187;190;246;252;205;207;182;182;361;361;320;320;147;147;246;246;158;158;160;160;204;204;212;212
MAD_0678;;WIO;Northwestern Madagascar;MADno;gr;Clade_4;GSH09a;3,4%;4,6%;?;?;PSH09;SSH09a;SSH09a-3;208;216;187;187;243;243;205;207;182;182;363;363;329;329;147;147;250;250;162;163;?;?;?;?;209;209
MAD_0879;;WIO;Northwestern Madagascar;MADno;gr;Clade_4;GSH09a;1,5%;1,2%;ORF27;Hist06;PSH09;SSH09a;SSH09a-2;216;216;187;187;246;252;207;211;182;182;?;?;320;320;147;147;252;252;163;163;152;160;184;208;206;206
MAD_0936;;WIO;Northwestern Madagascar;MADno;gr;Clade_4;GSH09a;1,3%;1,5%;?;?;PSH09;SSH09b;SSH09b-1;210;210;?;?;243;255;?;?;179;179;?;?;?;?;143;143;246;248;160;160;?;?;?;?;?;?
MAD_0942;;WIO;Northwestern Madagascar;MADno;gr;Clade_4;GSH09a;1,2%;1,2%;ORF27;?;PSH09;SSH09b;SSH09b-1;218;218;184;184;?;?;207;211;182;182;?;?;311;311;?;?;248;248;158;158;?;?;?;?;?;?
MAD_0952;;WIO;Northwestern Madagascar;MADno;gr;Clade_4;GSH09a;1,2%;1,1%;?;?;PSH09;SSH09a;SSH09a-1;216;216;187;190;243;255;211;217;182;182;?;?;311;320;147;147;244;248;158;158;160;170;192;200;203;206
MAD_0958;;WIO;Northwestern Madagascar;MADno;gr;Clade_4;GSH09a;1,3%;1,0%;?;?;PSH09;SSH09a;SSH09a-3;222;222;187;190;240;249;205;211;182;182;349;358;320;320;147;147;250;250;162;163;?;?;?;?;200;209
MAD_0967;;WIO;Northwestern Madagascar;MADno;gr;Clade_4;GSH09a;1,1%;1,1%;?;?;PSH09;SSH09a;SSH09a-1;220;220;187;187;240;243;211;211;182;182;361;361;?;?;147;147;248;248;163;163;168;168;176;176;200;203
MAD_0970;;WIO;Northwestern Madagascar;MADno;gr;Clade_4;GSH09a;1,5%;1,3%;?;?;PSH09;SSH09a;SSH09a-2;222;222;187;187;243;249;211;211;182;182;352;358;320;320;147;147;252;252;154;154;158;158;188;204;209;212
MAD_0971;;WIO;Northwestern Madagascar;MADno;gr;Clade_4;GSH09a;0,9%;1,2%;?;?;PSH09;SSH09a;SSH09a-3;216;216;187;187;243;249;211;211;182;182;361;366;?;?;147;147;250;250;158;158;162;164;168;188;200;200
MAD1_122;;WIO;Southwestern Madagascar;MADsw;gr;Clade_4;GSH09a;1,6%;1,6%;ORF27;?;PSH09;SSH09a;SSH09a-1;216;220;187;187;240;249;207;211;182;182;358;358;320;320;147;147;244;254;162;162;150;150;200;200;200;209
MAD1_125;;WIO;Southwestern Madagascar;MADsw;gr;Clade_4;GSH09a;1,0%;1,2%;?;?;PSH09;SSH09a;SSH09a-2;216;216;187;187;243;249;205;207;182;182;366;366;320;323;?;?;252;252;162;162;160;160;176;176;206;206
MAD1_127;;WIO;Southwestern Madagascar;MADsw;gr;Clade_4;GSH09a;1,3%;1,3%;ORF27;Hist06;PSH09;SSH09a;SSH09a-3;216;216;187;190;243;258;211;211;179;182;361;363;320;320;147;147;250;250;158;158;150;150;176;176;206;212
MAD3_003;;WIO;Southwestern Madagascar;MADsw;gr;Clade_4;GSH09a;10,4%;15,7%;ORF27;?;PSH13;?;?;222;222;187;187;243;255;207;207;182;182;?;?;320;323;147;147;252;252;162;162;158;158;188;200;194;206
MAD3_030;;WIO;Southwestern Madagascar;MADsw;gr;Clade_4;GSH09a;1,2%;1,0%;ORF27;?;PSH09;SSH09a;SSH09a-1;216;216;187;187;234;243;207;211;182;182;358;366;311;311;147;147;244;244;158;158;154;164;176;176;200;209
MAD3_039;;WIO;Southwestern Madagascar;MADsw;gr;Clade_4;GSH09a;1,6%;1,5%;ORF27;?;PSH09;SSH09a;SSH09a-3;220;220;187;187;246;246;211;211;182;182;352;352;320;323;147;147;250;250;158;158;?;?;176;176;206;206
MAD3_047;;WIO;Southwestern Madagascar;MADsw;gr;Clade_4;GSH09a;1,2%;1,3%;ORF27;?;PSH09;SSH09a;SSH09a-2;216;222;187;187;225;240;207;209;182;182;358;366;314;320;147;147;252;252;152;158;154;154;188;212;206;218
LP030;;WIO;Reunion Island;REU;gr;Clade_4;GSH09a;1,1%;0,8%;?;?;PSH09;SSH09a;SSH09a-1;216;216;187;187;243;258;207;211;182;185;358;358;311;323;147;147;244;244;?;?;?;?;?;?;?;?
LP041;;WIO;Reunion Island;REU;gr;Clade_4;GSH09a;1,2%;1,2%;?;Hist06;PSH09;SSH09a;SSH09a-2;216;224;187;187;246;249;209;211;182;185;358;358;323;323;147;149;252;252;158;163;?;?;?;?;200;203
LP049;;WIO;Reunion Island;REU;gr;Clade_4;GSH09a;1,2%;0,8%;?;?;PSH09;SSH09a;SSH09a-3;216;216;187;187;252;252;205;205;182;182;358;366;311;311;147;147;250;250;163;163;?;?;?;?;203;206
MA42;MA42-1;WIO;Reunion Island;REU;gr;Clade_4;GSH09a;4,5%;5,5%;?;Hist06;PSH09;SSH09a;SSH09a-1;222;222;187;187;249;252;211;211;?;?;366;366;320;320;147;147;244;248;?;?;?;?;?;?;?;?
MA42;MA42-2;WIO;Reunion Island;REU;gr;Clade_4;GSH09a;3,0%;3,8%;?;Hist06;PSH09;SSH09a;SSH09a-1;222;222;187;187;249;252;211;211;?;?;366;366;320;320;147;147;244;248;?;?;?;?;?;?;?;?
MA52;;WIO;Reunion Island;REU;gr;Clade_4;GSH09a;1,4%;1,3%;?;?;PSH09;SSH09a;SSH09a-2;220;220;196;196;243;246;211;211;182;182;358;358;320;323;147;147;252;252;?;?;?;?;?;?;?;?
MA84;;WIO;Reunion Island;REU;gr;Clade_4;GSH09a;1,0%;0,8%;?;?;PSH09;SSH09a;SSH09a-3;216;216;187;187;243;246;211;211;182;182;358;358;320;320;147;147;250;250;158;158;?;?;?;?;209;209
MA90;;WIO;Reunion Island;REU;gr;Clade_4;GSH09a;1,0%;0,8%;?;?;PSH09;SSH09a;SSH09a-1;216;222;187;187;255;255;209;211;182;182;358;358;311;317;147;147;244;248;158;158;?;?;?;?;206;206
ROD2_015;;WIO;Rodrigues Island;ROD;gr;Clade_4;GSH09a;1,0%;1,4%;?;?;PSH09;SSH09a;SSH09a-1;216;216;187;202;243;255;211;211;182;182;358;366;311;320;?;?;244;244;158;162;150;172;176;176;200;209
ROD2_016;;WIO;Rodrigues Island;ROD;gr;Clade_4;GSH09a;1,2%;1,2%;?;?;PSH09;SSH09a;SSH09a-3;216;216;187;190;243;246;207;211;182;182;355;355;314;320;?;?;250;250;158;158;?;?;176;176;200;200
ROD2_069;;WIO;Rodrigues Island;ROD;gr;Clade_4;GSH09a;1,2%;1,5%;?;Hist06;PSH09;SSH09a;SSH09a-2;216;224;?;?;246;249;205;207;182;182;?;?;?;?;147;147;252;252;162;166;158;158;188;188;209;212
ROD4_039;;WIO;Rodrigues Island;ROD;gr;Clade_4;GSH09a;1,2%;0,9%;?;?;PSH09;SSH09a;SSH09a-3;216;216;187;187;246;249;209;211;182;182;358;358;?;?;147;149;250;250;158;162;160;168;176;176;212;215
ROD4_044;;WIO;Rodrigues Island;ROD;gr;Clade_4;GSH09a;1,0%;1,5%;?;?;PSH09;SSH09a;SSH09a-2;216;216;187;187;243;243;211;211;182;182;358;366;311;323;147;147;252;252;162;162;158;174;188;208;206;209
ROD4_049;;WIO;Rodrigues Island;ROD;gr;Clade_4;GSH09a;1,4%;1,5%;?;?;PSH09;SSH09a;SSH09a-1;?;?;187;187;255;258;211;211;182;182;352;352;320;323;147;147;244;246;162;162;162;168;176;176;200;212
MAY4_053;;WIO;Mayotte;MAY;gr;Clade_4;GSH09c_WIO;3,1%;3,0%;?;?;PSH09;SSH09a;SSH09a-2;216;216;187;187;219;243;205;211;179;182;361;366;311;311;147;147;252;252;158;158;152;170;?;?;206;212
MAY4_093;;WIO;Mayotte;MAY;gr;Clade_4;GSH09c_WIO;2,7%;2,6%;ORF27;Hist07;PSH09;SSH09c;SSH09c-3;216;218;181;181;222;222;205;205;179;179;358;358;311;311;147;147;244;260;158;158;152;154;176;176;203;221
MAY4_103;;WIO;Mayotte;MAY;gr;Clade_4;GSH09c_WIO;1,7%;1,6%;?;Hist07;PSH09;SSH09c;SSH09c-3;216;216;187;187;222;222;205;205;179;179;358;358;311;311;147;147;244;244;158;158;?;?;?;?;212;215
JDN1_070;;WIO;Juan de Nova Island;JDN;gr;Clade_4;GSH09c_WIO;20,9%;27,0%;?;Hist07;PSH09;SSH09c;SSH09c-3;?;?;190;190;219;222;211;211;179;179;352;358;311;311;147;147;244;248;158;158;?;?;?;?;221;224
JDN2_021;;WIO;Juan de Nova Island;JDN;gr;Clade_4;GSH09c_WIO;16,5%;22,6%;?;Hist07;PSH09;SSH09c;SSH09c-3;216;216;187;187;219;222;205;211;179;179;358;358;311;311;147;147;252;252;158;158;?;?;?;?;203;224
Eu04_48;;WIO;Europa Island;EUR;gr;Clade_4;GSH09c_WIO;1,2%;1,2%;?;Hist07;PSH09;SSH09c;SSH09c-3;216;216;187;187;216;222;205;207;179;179;358;358;311;311;147;147;244;244;158;158;?;?;?;?;209;224
MAD3_111;;WIO;Southwestern Madagascar;MADsw;gr;Clade_4;GSH09c_WIO;1,4%;1,8%;?;?;PSH09;SSH09c;SSH09c-3;216;220;187;190;222;222;219;219;179;179;355;361;311;311;147;147;244;244;158;158;150;150;168;168;206;221
LP022;;WIO;Reunion Island;REU;gr;Clade_4;GSH09c_WIO;2,0%;2,2%;ORF27;Hist08;PSH09;SSH09c;SSH09c-3;216;216;187;190;219;219;205;205;179;179;358;358;311;311;147;147;258;258;158;158;?;?;?;?;215;215
LP059;;WIO;Reunion Island;REU;gr;Clade_4;GSH09c_WIO;1,7%;2,1%;ORF27;Hist07;PSH09;SSH09c;SSH09c-3;216;222;190;190;222;225;211;211;179;179;358;361;311;311;147;147;256;256;158;158;?;?;?;?;215;224
ROD1_044;;WIO;Rodrigues Island;ROD;gr;Clade_4;GSH09c_WIO;4,0%;5,1%;?;?;PSH09;SSH09c;SSH09c-3;216;216;?;?;219;222;?;?;179;179;352;358;?;?;147;147;256;256;158;158;150;154;?;?;215;230
ROD3_020;;WIO;Rodrigues Island;ROD;gr;Clade_4;GSH09c_WIO;3,1%;4,6%;ORF27;?;PSH09;SSH09c;SSH09c-3;216;216;187;190;225;243;205;211;179;179;358;358;?;?;147;147;246;246;154;158;158;158;176;176;218;218
CHE02_005;;TSP;Chesterfield Islands;CHE;gr;Clade_4;GSH09c_TSP;1,1%;1,1%;?;Hist07;PSH09;SSH09c;SSH09c-1;216;216;187;187;219;222;209;211;179;179;358;366;311;311;147;147;262;262;157;157;154;154;176;176;218;224
CHE02_006;;TSP;Chesterfield Islands;CHE;gr;Clade_4;GSH09c_TSP;0,9%;1,0%;?;?;PSH09;SSH09c;SSH09c-3;216;216;187;187;222;231;211;211;179;179;337;337;311;311;147;147;260;260;158;158;148;158;176;176;215;221
CHE02_007;;TSP;Chesterfield Islands;CHE;gr;Clade_4;GSH09c_TSP;1,2%;1,2%;ORF27;?;PSH09;SSH09c;SSH09c-1;216;216;187;187;206;222;209;215;179;179;352;358;323;323;147;177;258;258;157;157;150;156;?;?;215;221
CHE02_011;;TSP;Chesterfield Islands;CHE;gr;Clade_4;GSH09c_TSP;1,2%;1,3%;ORF27;Hist07;PSH09;SSH09c;SSH09c-3;216;216;187;187;222;222;215;215;179;179;?;?;?;?;147;147;262;262;158;158;150;150;172;172;215;221
CHE08_034;;TSP;Chesterfield Islands;CHE;gr;Clade_4;GSH09c_TSP;1,0%;0,6%;?;?;PSH09;SSH09c;SSH09c-1;216;216;184;187;222;222;211;211;179;179;355;355;311;311;147;147;244;244;157;157;148;148;172;176;215;215
CHE08_046;;TSP;Chesterfield Islands;CHE;gr;Clade_4;GSH09c_TSP;1,2%;1,3%;?;Hist07;PSH09;SSH09c;SSH09c-3;216;216;187;187;228;234;211;215;175;179;358;358;?;?;147;147;258;264;158;158;146;146;?;?;215;215
CHE08_075;;TSP;Chesterfield Islands;CHE;gr;Clade_4;GSH09c_TSP;1,4%;1,9%;ORF27;Hist07;PSH09;SSH09c;SSH09c-1;216;216;187;187;222;222;221;221;175;179;?;?;?;?;127;147;252;252;157;157;152;158;?;?;206;212
CHE08_081;;TSP;Chesterfield Islands;CHE;gr;Clade_4;GSH09c_TSP;1,1%;1,3%;?;?;PSH09;SSH09c;SSH09c-3;216;216;187;187;222;222;211;211;179;179;?;?;311;311;147;147;260;260;154;158;146;148;176;176;212;212
CHE12_060;;TSP;Chesterfield Islands;CHE;gr;Clade_4;GSH09c_TSP;0,9%;0,9%;ORF27;Hist07;PSH09;SSH09c;SSH09c-1;216;216;187;187;219;222;209;215;179;185;337;346;?;?;147;147;258;258;157;157;148;148;176;176;212;215
CHE12_067;;TSP;Chesterfield Islands;CHE;gr;Clade_4;GSH09c_TSP;1,1%;1,0%;?;?;PSH09;SSH09c;SSH09c-3;216;216;187;187;216;222;211;215;179;179;?;?;311;311;147;147;260;260;154;158;150;156;?;?;212;218
CHE12_076;;TSP;Chesterfield Islands;CHE;gr;Clade_4;GSH09c_TSP;1,0%;0,7%;ORF27;Hist07;PSH09;SSH09c;SSH09c-1;216;216;187;187;222;222;211;213;179;179;337;346;311;311;147;147;260;260;157;157;146;146;?;?;215;221
CHE12_078;;TSP;Chesterfield Islands;CHE;gr;Clade_4;GSH09c_TSP;0,8%;0,8%;?;?;PSH09;SSH09c;SSH09c-3;216;216;187;187;219;222;209;215;179;179;355;355;311;311;147;147;260;260;158;158;150;154;176;176;215;224
NC04_049;;TSP;Western Grande Terre;NCAw;gr;Clade_4;GSH09c_TSP;1,4%;1,5%;ORF27;Hist07;PSH09;SSH09c;SSH09c-2;216;216;187;187;216;221;211;211;179;179;?;?;?;?;147;147;246;262;158;158;144;156;168;172;215;230
NC06_054;;TSP;Western Grande Terre;NCAw;gr;Clade_4;GSH09c_TSP;7,1%;8,6%;ORF27;Hist07;PSH09;SSH09c;SSH09c-2;216;216;?;?;?;?;211;213;179;179;?;?;?;?;147;147;242;242;158;158;156;156;192;192;215;227
NC06_078;;TSP;Western Grande Terre;NCAw;gr;Clade_4;GSH09c_TSP;10,4%;10,3%;ORF27;?;PSH09;SSH09c;SSH09c-3;216;216;?;?;?;?;205;213;179;179;?;?;?;?;147;147;244;258;158;158;148;150;164;172;212;218
NC07_085;;TSP;Western Grande Terre;NCAw;gr;Clade_4;GSH09c_TSP;1,4%;1,3%;?;Hist07;PSH09;SSH09c;SSH09c-2;?;?;190;190;216;221;211;211;179;179;?;?;?;?;147;147;250;254;?;?;146;146;176;176;215;227
NC07_141;;TSP;Western Grande Terre;NCAw;gr;Clade_4;GSH09c_TSP;3,1%;3,5%;?;Hist07;PSH09;SSH09c;SSH09c-2;216;216;187;190;221;221;211;215;179;179;355;358;308;308;147;147;250;250;158;158;148;156;172;172;215;218
NC08_019;;TSP;Western Grande Terre;NCAw;gr;Clade_4;GSH09c_TSP;45,8%;49,1%;ORF27;?;PSH09;SSH09c;SSH09c-2;216;216;187;187;213;221;211;219;179;179;346;346;?;?;147;147;258;258;158;158;152;152;?;?;215;215
NC25_005;;TSP;Eastern Grande Terre;NCAe;gr;Clade_4;GSH09c_TSP;2,1%;2,1%;ORF27;?;PSH09;SSH09c;SSH09c-2;218;218;187;187;216;225;205;211;179;179;358;358;311;311;147;147;260;260;158;158;148;150;176;176;209;215
NC26_017;;TSP;Eastern Grande Terre;NCAe;gr;Clade_4;GSH09c_TSP;7,5%;6,9%;ORF27;?;PSH09;SSH09c;SSH09c-2;218;218;187;187;221;221;?;?;176;179;358;358;?;?;147;147;242;242;158;158;150;154;172;172;?;?
NC27_001;;TSP;Eastern Grande Terre;NCAe;gr;Clade_4;GSH09c_TSP;4,9%;5,1%;?;?;PSH09;SSH09c;SSH09c-2;216;216;187;187;221;225;211;213;179;179;?;?;?;?;127;127;250;252;156;156;150;150;176;176;215;215
NC27_003;;TSP;Eastern Grande Terre;NCAe;gr;Clade_4;GSH09c_TSP;10,5%;10,5%;?;?;PSH09;SSH09c;SSH09c-2;216;216;187;187;221;225;213;213;179;182;358;358;?;?;?;?;?;?;154;158;150;166;176;176;?;?
NC27_029;;TSP;Eastern Grande Terre;NCAe;gr;Clade_4;GSH09c_TSP;1,7%;1,7%;?;?;PSH09;SSH09c;SSH09c-2;218;218;187;187;221;228;211;211;176;179;355;358;?;?;147;147;242;248;158;158;146;146;176;176;221;224
NC28_021;;TSP;Eastern Grande Terre;NCAe;gr;Clade_4;GSH09c_TSP;2,8%;2,4%;?;?;PSH09;SSH09c;SSH09c-2;218;218;187;187;221;221;211;215;179;179;355;355;311;323;?;?;?;?;158;158;150;150;164;176;227;227
NC29_133;;TSP;Eastern Grande Terre;NCAe;gr;Clade_4;GSH09c_TSP;4,4%;4,2%;?;?;PSH09;SSH09c;SSH09c-2;216;216;187;187;216;221;209;215;182;185;355;355;?;?;147;147;258;258;158;158;144;156;?;?;215;215
NC29_138;;TSP;Eastern Grande Terre;NCAe;gr;Clade_4;GSH09c_TSP;4,8%;4,4%;?;?;PSH09;SSH09c;SSH09c-2;216;216;187;187;221;221;209;209;179;179;?;?;311;311;147;147;250;250;158;158;148;156;172;176;212;224
NC30_001;;TSP;Eastern Grande Terre;NCAe;gr;Clade_4;GSH09c_TSP;7,3%;7,9%;?;?;PSH09;SSH09c;SSH09c-2;216;216;187;187;?;?;205;211;179;179;349;352;?;?;147;147;244;258;?;?;156;156;?;?;215;224
NC08_080;;TSP;Western Grande Terre;NCAw;ve,me;?;?;72,3%;76,8%;?;?;PSH09;SSH09b;SSH09b-2;216;218;178;178;231;234;?;?;182;185;337;337;?;?;?;?;246;246;158;162;144;166;184;192;215;218
SP_Ju15;;WIO;Reunion Island;REU;ac;?;?;100,0%;100,0%;ORF43;?;PSH13;?;?;216;216;181;181;231;234;213;215;179;188;349;349;317;317;147;151;254;254;164;164;164;176;146;168;203;224
Cr_18;;SEP;Moorea;MOO;ve;?;?;95,2%;96,3%;ORF49;?;PSH14;PSH14;PSH14;216;216;181;181;228;234;211;211;182;188;?;?;?;?;173;175;248;252;158;158;?;?;?;?;?;?
Pacuta_genome;;-;-;-;-;Clade_3;GSH13a;1,0%;0,5%;-;-;-;-;-;-;-;-;-;-;-;-;-;-;-;-;-;-;-;-;-;-;-;-;-;-;-;-;-;-;-
Pdamicornis_genome;;-;-;-;-;Clade_4;GSH09c_TSP;4,0%;3,3%;-;-;-;-;-;-;-;-;-;-;-;-;-;-;-;-;-;-;-;-;-;-;-;-;-;-;-;-;-;-;-
Pverrucosa_genome;;-;-;-;-;Clade_3;GSH13a;0,5%;0,3%;-;-;-;-;-;-;-;-;-;-;-;-;-;-;-;-;-;-;-;-;-;-;-;-;-;-;-;-;-;-;-
